ID,Year_Birth,Education,Marital_Status,Income,Kidhome,Teenhome,Dt_Customer,Recency,MntWines,MntFruits,MntMeatProducts,MntFishProducts,MntSweetProducts,MntGoldProds,NumDealsPurchases,NumWebPurchases,NumCatalogPurchases,NumStorePurchases,NumWebVisitsMonth,AcceptedCmp3,AcceptedCmp4,AcceptedCmp5,AcceptedCmp1,AcceptedCmp2,Complain,Z_CostContact,Z_Revenue,Response
2174,1954,Graduation,Single,46344.0,1,1,08-03-2014,38,11,1,6,2,1,6,2,1,1,2,5,0,0,0,0,0,0,3,11,0
6182,1984,Graduation,Together,26646.0,1,0,10-02-2014,26,11,4,20,10,3,5,2,2,0,4,6,0,0,0,0,0,0,3,11,0
7446,1967,Master,Together,62513.0,0,1,09-09-2013,16,520,42,98,0,42,14,2,6,4,10,6,0,0,0,0,0,0,3,11,0
6177,1985,PhD,Married,33454.0,1,0,08-05-2013,32,76,10,56,3,1,23,2,4,0,4,8,0,0,0,0,0,0,3,11,0
4855,1974,PhD,Together,30351.0,1,0,06-06-2013,19,14,0,24,3,3,2,1,3,0,2,9,0,0,0,0,0,0,3,11,1
1994,1983,Graduation,Married,,1,0,15-11-2013,11,5,5,6,0,2,1,1,1,0,2,7,0,0,0,0,0,0,3,11,0
2125,1959,Graduation,Divorced,63033.0,0,0,15-11-2013,82,194,61,480,225,112,30,1,3,4,8,2,0,0,0,0,0,0,3,11,0
9736,1980,Graduation,Married,41850.0,1,1,24-12-2012,51,53,5,19,2,13,4,3,3,0,3,8,0,0,0,0,0,0,3,11,0
4939,1946,Graduation,Together,37760.0,0,0,31-08-2012,20,84,5,38,150,12,28,2,4,1,6,7,0,0,0,0,0,0,3,11,0
2278,1985,2n Cycle,Single,33812.0,1,0,03-11-2012,86,4,17,19,30,24,39,2,2,1,3,6,0,0,0,0,0,0,3,11,0
7892,1969,Graduation,Single,18589.0,0,0,02-01-2013,89,6,4,25,15,12,13,2,2,1,3,7,0,0,0,0,0,0,3,11,0
6864,1989,Master,Divorced,10979.0,0,0,22-05-2014,34,8,4,10,2,2,4,2,3,0,3,5,0,0,0,0,0,0,3,11,0
10738,1951,Master,Single,49389.0,1,1,29-08-2013,55,40,0,19,2,1,3,1,2,0,3,7,0,0,0,0,0,0,3,11,0
10755,1976,2n Cycle,Married,23718.0,1,0,02-09-2013,76,6,3,14,15,7,36,3,3,1,2,7,0,0,0,0,0,0,3,11,0
8595,1973,Graduation,Widow,42429.0,0,1,11-02-2014,99,55,0,6,2,0,4,2,1,1,3,5,0,0,0,0,0,0,3,11,0
2968,1943,PhD,Divorced,48948.0,0,0,01-02-2013,53,437,8,206,160,49,42,2,7,10,5,6,1,0,0,0,0,0,3,11,1
503,1985,Master,Married,20559.0,1,0,12-03-2013,88,13,1,29,3,0,7,2,2,0,3,8,0,0,0,0,0,0,3,11,0
8430,1957,Graduation,Together,21994.0,0,1,24-12-2012,4,9,0,6,3,1,3,1,0,0,3,5,0,0,0,0,0,0,3,11,0
2139,1975,Master,Married,7500.0,1,0,02-10-2013,19,3,1,10,3,2,12,3,2,0,3,5,0,0,0,0,0,0,3,11,0
7286,1968,Graduation,Together,41728.0,1,0,24-05-2013,92,13,6,15,3,5,13,1,2,0,2,10,0,0,0,0,0,0,3,11,0
1331,1977,Graduation,Single,35790.0,1,0,02-01-2013,54,12,6,20,30,1,3,2,2,0,3,7,0,0,0,0,0,0,3,11,0
9381,1978,Graduation,Married,66373.0,1,1,12-06-2013,57,328,9,124,12,24,109,7,4,2,10,3,0,0,0,0,0,0,3,11,0
10383,1966,Graduation,Divorced,70287.0,0,0,02-04-2013,30,295,35,482,121,120,40,1,5,5,10,3,0,0,0,0,0,0,3,11,1
7437,1988,Graduation,Single,27938.0,1,0,28-04-2014,31,13,0,8,2,1,5,1,1,0,4,3,0,0,0,0,0,0,3,11,0
8557,1982,Graduation,Single,,1,0,17-06-2013,57,11,3,22,2,2,6,2,2,0,3,6,0,0,0,0,0,0,3,11,0
3076,1975,Graduation,Together,66653.0,1,1,07-09-2012,18,452,18,102,16,18,6,4,4,2,12,3,0,0,0,0,0,0,3,11,0
4137,1948,Graduation,Together,70666.0,0,0,06-12-2013,29,398,40,367,119,122,30,1,7,4,4,4,0,0,0,0,0,0,3,11,0
8082,1971,Graduation,Married,25721.0,1,0,21-05-2013,75,1,3,6,3,6,15,1,1,1,2,7,0,0,0,0,0,0,3,11,1
5846,1977,Graduation,Divorced,40246.0,1,0,19-12-2012,68,2,1,6,2,1,1,1,1,0,2,6,0,0,0,0,0,0,3,11,0
10401,1976,2n Cycle,Together,26326.0,0,0,04-09-2013,12,1,0,5,0,3,9,1,0,0,3,3,0,0,0,0,0,1,3,11,0
2261,1969,Graduation,Married,26304.0,1,0,23-06-2013,5,4,1,5,2,0,4,1,1,0,2,7,0,0,0,0,0,0,3,11,0
5346,1973,2n Cycle,Married,23559.0,1,0,03-07-2013,87,25,5,19,7,0,23,3,3,0,3,7,0,0,0,0,0,0,3,11,0
8504,1973,Graduation,Married,79593.0,0,0,12-05-2014,70,350,60,568,110,133,145,1,5,6,7,2,0,0,1,0,0,0,3,11,0
9235,1957,Graduation,Single,,1,1,27-05-2014,45,7,0,8,2,0,1,1,1,0,2,7,0,0,0,0,0,0,3,11,0
11178,1972,Master,Single,42394.0,1,0,23-03-2014,69,15,2,10,0,1,4,1,1,0,3,7,0,0,0,0,0,0,3,11,0
2230,1970,PhD,Married,23626.0,1,0,24-05-2014,84,27,2,14,0,0,0,3,3,1,3,5,0,0,0,0,0,0,3,11,0
7516,1983,Graduation,Married,30096.0,1,0,22-05-2014,30,5,3,11,12,5,9,1,2,0,3,6,0,0,0,0,0,0,3,11,0
11100,1972,Graduation,Divorced,51813.0,1,1,11-04-2013,37,51,2,7,0,1,2,2,2,0,3,7,0,0,0,0,0,0,3,11,0
1473,1960,2n Cycle,Single,47823.0,0,1,23-07-2013,0,53,1,5,2,1,10,2,2,0,3,8,0,0,0,0,0,0,3,11,0
2683,1969,Graduation,Married,52413.0,0,2,02-02-2013,56,295,106,271,75,98,65,4,6,4,12,6,0,0,0,0,0,0,3,11,0
3629,1978,Graduation,Single,38557.0,1,0,19-12-2012,17,76,3,31,4,4,27,2,3,1,3,7,0,0,0,0,0,0,3,11,0
10991,1960,Master,Married,89058.0,0,0,07-12-2012,18,454,194,106,31,22,43,1,5,4,4,2,0,0,0,0,0,0,3,11,0
5077,1979,Graduation,Together,77298.0,0,1,02-11-2013,46,425,115,292,23,35,79,1,6,6,11,3,0,0,0,0,0,0,3,11,0
2286,1962,Graduation,Single,50785.0,1,1,10-09-2013,27,64,1,21,0,1,27,2,2,1,3,6,0,0,0,0,0,0,3,11,0
5234,1967,2n Cycle,Together,30753.0,1,1,11-07-2013,85,12,5,25,0,9,30,2,1,1,3,5,0,0,0,0,0,0,3,11,0
9862,1969,Graduation,Together,21918.0,1,0,14-11-2013,37,1,6,7,11,5,3,2,2,0,3,6,0,0,0,0,0,0,3,11,0
6205,1967,Master,Single,32557.0,1,0,24-02-2014,13,34,3,29,0,4,10,3,2,1,3,5,0,0,0,0,0,0,3,11,1
8442,1985,Master,Married,19510.0,2,0,04-09-2013,63,9,0,7,3,4,7,2,1,0,3,7,0,0,0,0,0,0,3,11,0
7386,1976,Graduation,Divorced,30992.0,1,0,22-04-2013,83,17,0,14,7,3,2,1,1,0,3,7,0,0,0,0,0,0,3,11,0
8026,1952,Graduation,Married,62998.0,0,1,30-09-2013,10,120,58,73,65,89,58,5,5,4,5,5,0,0,0,0,0,0,3,11,0
7660,1973,PhD,Alone,35860.0,1,1,19-05-2014,37,15,0,8,4,2,20,2,1,1,2,5,1,0,0,0,0,0,3,11,1
1461,1965,PhD,Divorced,36921.0,1,1,28-07-2013,74,17,1,12,3,1,4,2,2,0,3,7,0,0,0,0,0,0,3,11,0
8690,1962,Graduation,Married,86111.0,0,0,19-04-2013,73,399,28,756,36,40,126,1,5,7,10,2,0,0,0,0,0,0,3,11,0
2937,1974,PhD,Single,68352.0,0,1,28-08-2013,47,614,16,132,43,33,33,3,8,5,9,6,0,0,0,0,0,0,3,11,0
10837,1975,Graduation,Married,23957.0,1,0,28-10-2012,47,2,1,18,20,11,16,1,2,0,3,6,0,0,0,0,0,0,3,11,1
3120,1981,Graduation,Together,38547.0,1,0,28-08-2013,49,6,1,10,0,1,4,1,1,0,2,8,0,0,0,0,0,1,3,11,0
92,1988,Graduation,Alone,34176.0,1,0,12-05-2014,12,5,7,24,19,14,20,4,3,0,4,6,0,0,0,0,0,0,3,11,0
9283,1978,Graduation,Single,60199.0,1,2,12-09-2013,49,8,1,7,2,0,0,1,0,0,3,4,0,0,0,0,0,0,3,11,0
2730,1955,Graduation,Single,80317.0,0,0,20-08-2013,64,536,11,387,149,91,57,1,3,4,10,1,0,0,0,0,0,0,3,11,0
8182,1984,Graduation,Married,23228.0,1,0,05-01-2014,91,53,3,49,7,4,5,4,3,0,4,8,0,0,0,0,0,0,3,11,0
10573,1953,Graduation,Divorced,62551.0,0,0,18-11-2013,27,125,16,98,134,21,27,1,6,7,4,3,1,0,0,0,0,0,3,11,0
3152,1957,Graduation,Together,26091.0,1,1,25-02-2014,84,15,10,19,8,17,20,3,2,1,3,5,0,0,0,0,0,0,3,11,0
5610,1965,Graduation,Together,33456.0,1,1,21-04-2014,58,7,3,10,8,1,7,2,1,0,3,7,0,0,0,0,0,0,3,11,0
6460,1982,Graduation,Married,28718.0,1,0,13-07-2013,78,12,4,6,11,8,16,2,2,0,3,8,0,0,0,0,0,0,3,11,0
1349,1970,Graduation,Married,50447.0,2,0,21-04-2014,4,85,7,24,2,3,27,1,3,1,3,6,0,0,0,0,0,0,3,11,0
3559,1988,2n Cycle,Married,16248.0,1,0,10-05-2014,77,12,11,10,3,12,9,3,2,1,3,6,0,0,0,0,0,0,3,11,0
10796,1984,Master,Married,30477.0,1,0,22-01-2014,16,47,1,6,0,0,12,1,1,1,3,6,0,0,0,0,0,0,3,11,0
2563,1961,Basic,Married,28249.0,0,0,15-06-2014,80,1,9,7,2,14,10,1,2,0,3,6,0,0,0,0,0,0,3,11,0
3518,1983,Graduation,Married,25271.0,1,0,05-12-2012,45,10,1,18,10,4,7,1,1,1,2,9,0,0,0,0,0,0,3,11,0
5823,1970,PhD,Single,32303.0,0,1,08-03-2014,63,35,0,2,0,0,2,2,1,0,4,5,0,0,0,0,0,0,3,11,0
7829,1900,2n Cycle,Divorced,36640.0,1,0,26-09-2013,99,15,6,8,7,4,25,1,2,1,2,5,0,0,0,0,0,1,3,11,0
1324,1988,Graduation,Married,38872.0,1,0,30-05-2013,93,23,3,21,3,19,22,2,3,0,3,8,0,0,0,0,0,0,3,11,0
7224,1977,Graduation,Married,31353.0,1,1,29-12-2013,24,10,0,10,3,1,7,2,1,1,2,8,0,0,0,0,0,0,3,11,0
6999,1980,Master,Married,69661.0,0,0,13-05-2014,80,656,16,106,32,16,8,1,7,3,12,3,0,0,0,0,0,0,3,11,0
6422,1954,Graduation,Married,86718.0,0,0,17-01-2013,20,344,189,482,50,33,172,1,5,6,5,2,0,0,0,0,0,0,3,11,0
3182,1973,PhD,Single,46854.0,1,1,31-03-2014,81,96,1,79,7,1,79,6,5,1,3,8,1,0,0,0,0,0,3,11,1
10424,1968,Graduation,Single,75922.0,0,0,09-12-2013,60,265,138,553,224,23,92,1,4,4,9,1,0,0,0,0,0,0,3,11,0
8727,1978,Graduation,Divorced,63693.0,0,1,14-10-2013,63,587,43,337,42,87,54,3,11,6,9,6,0,0,0,0,0,0,3,11,0
1030,1965,PhD,Single,40637.0,1,1,17-07-2013,72,22,0,13,0,0,3,2,1,0,3,7,0,0,0,0,0,0,3,11,0
5176,1988,Graduation,Together,29604.0,1,0,08-12-2013,88,7,6,13,7,6,14,1,1,0,3,9,1,0,0,0,0,0,3,11,0
5552,1963,Master,Divorced,48721.0,1,1,13-05-2013,50,81,18,113,47,13,21,6,4,2,5,6,0,0,0,0,0,0,3,11,0
2677,1956,Graduation,Together,46097.0,0,1,31-03-2013,11,72,24,68,65,4,8,5,3,1,6,4,0,0,0,0,0,0,3,11,0
6521,1954,Graduation,Together,77972.0,0,0,18-03-2014,18,613,22,319,33,102,12,1,4,6,9,1,0,0,0,0,0,0,3,11,0
2075,1969,Graduation,Married,72460.0,0,0,14-11-2013,56,377,10,540,80,30,10,1,3,5,7,1,0,0,0,0,0,0,3,11,0
709,1952,Graduation,Divorced,51537.0,0,1,09-12-2012,27,787,20,204,0,0,92,3,2,2,11,8,0,0,0,0,0,0,3,11,0
460,1972,PhD,Married,79930.0,0,0,08-08-2012,72,792,86,740,67,51,17,1,3,5,8,2,0,0,0,0,0,0,3,11,0
3726,1986,PhD,Together,34320.0,1,0,16-02-2014,66,4,1,9,3,0,0,1,1,0,2,8,0,0,0,0,0,0,3,11,0
1606,1971,Graduation,Together,38590.0,1,0,15-05-2013,65,3,1,8,4,3,3,1,1,0,2,8,0,0,0,0,0,0,3,11,0
89,1975,2n Cycle,Married,22212.0,1,0,09-12-2013,49,5,9,20,6,8,21,2,2,0,4,6,0,0,0,0,0,0,3,11,0
2936,1982,Master,Together,23661.0,1,0,04-12-2013,46,18,0,4,0,0,1,1,1,0,3,7,0,0,0,0,0,0,3,11,0
7297,1973,Graduation,Single,7500.0,1,0,26-12-2013,54,5,3,10,12,7,20,4,3,1,3,7,0,0,0,0,0,0,3,11,0
10735,1971,Graduation,Single,22804.0,1,0,31-07-2013,75,14,1,7,2,1,1,1,2,0,2,9,0,0,0,0,0,0,3,11,0
8932,1969,Master,Together,65176.0,0,1,29-10-2012,57,960,28,183,220,70,70,4,9,6,6,6,0,0,0,0,0,0,3,11,0
10236,1975,Master,Single,31160.0,1,0,16-09-2013,59,16,3,25,6,1,13,2,2,0,3,8,0,0,0,0,0,0,3,11,0
6340,1985,Graduation,Single,29938.0,1,0,27-10-2013,52,3,3,7,0,2,11,2,1,0,3,6,0,0,0,0,0,0,3,11,0
5304,1974,PhD,Single,30899.0,1,0,13-10-2012,35,24,0,8,0,0,1,2,1,0,3,6,0,0,0,0,0,0,3,11,0
309,1961,PhD,Together,63342.0,0,1,16-10-2012,48,918,21,118,13,10,21,3,8,3,5,6,0,1,0,0,0,0,3,11,0
2661,1964,Graduation,Single,18701.0,1,1,04-06-2013,95,12,4,2,10,6,10,4,2,0,4,5,0,0,0,0,0,0,3,11,0
10264,1979,Graduation,Divorced,15287.0,1,0,10-10-2012,60,1,2,8,4,3,13,2,1,1,2,7,1,0,0,0,0,0,3,11,1
9396,1978,PhD,Married,37717.0,1,0,23-11-2012,31,9,0,6,4,1,5,1,1,0,2,9,0,0,0,0,0,0,3,11,0
4557,1970,Graduation,Together,22070.0,1,0,04-10-2013,11,10,7,19,8,2,21,2,2,2,2,6,0,0,0,0,0,0,3,11,0
5726,1983,Master,Single,31788.0,1,0,20-03-2014,15,16,7,23,0,8,6,3,3,0,4,5,0,0,0,0,0,1,3,11,0
6336,1960,Graduation,Married,29315.0,1,1,06-04-2014,55,13,2,14,8,7,4,4,2,0,4,6,0,0,0,0,0,0,3,11,0
10967,1963,Graduation,Divorced,33378.0,1,1,06-02-2013,38,33,6,40,3,7,10,3,2,0,4,7,0,0,0,0,0,0,3,11,0
3445,1956,Graduation,Single,60714.0,0,0,17-01-2013,56,216,162,224,101,92,162,2,7,4,10,5,0,0,0,0,0,0,3,11,1
4391,1968,Master,Divorced,63841.0,0,1,21-04-2013,64,635,15,100,20,7,131,1,9,3,9,6,0,0,0,0,0,0,3,11,0
4669,1981,Basic,Married,24480.0,1,0,11-02-2013,46,4,19,9,28,25,17,3,3,0,4,7,0,0,0,0,0,0,3,11,0
8652,1946,Graduation,Together,37760.0,0,0,31-08-2012,20,84,5,38,150,12,28,2,4,1,6,7,0,0,0,0,0,0,3,11,0
8962,1975,Master,Married,44319.0,1,1,17-04-2014,18,26,0,8,0,0,3,2,2,0,3,5,0,0,0,0,0,0,3,11,0
9974,1974,Graduation,Married,30631.0,1,0,12-07-2013,75,15,6,20,4,5,20,1,3,1,2,7,0,0,0,0,0,0,3,11,0
10102,1966,Graduation,Widow,79946.0,0,0,12-05-2014,19,395,183,565,166,141,28,1,5,11,5,3,0,0,0,0,0,0,3,11,0
7254,1969,Graduation,Together,38361.0,1,0,27-12-2013,74,39,0,56,20,8,14,3,3,1,3,7,0,0,0,0,0,0,3,11,0
10451,1965,Graduation,Together,29672.0,1,1,12-03-2013,6,9,1,3,0,4,8,1,0,0,3,6,0,0,0,0,0,0,3,11,0
2926,1952,Master,Together,55951.0,0,1,23-08-2012,62,1241,0,80,0,13,40,3,3,6,11,8,0,1,0,0,1,0,3,11,0
2874,1988,2n Cycle,Divorced,35388.0,1,0,07-03-2013,20,6,4,7,4,3,8,1,1,0,3,7,0,0,0,0,0,0,3,11,0
9738,1986,Master,Together,42386.0,1,0,13-01-2013,43,65,4,16,0,4,11,1,3,0,3,8,0,0,0,0,0,0,3,11,0
5827,1958,Graduation,Divorced,35246.0,1,1,16-04-2014,53,36,0,12,2,2,10,4,3,1,3,5,0,0,0,0,0,0,3,11,0
5596,1956,2n Cycle,Together,58821.0,0,1,12-10-2013,44,513,14,154,19,0,28,1,9,2,9,6,0,0,0,0,0,0,3,11,0
10812,1978,PhD,Married,46377.0,1,0,01-03-2014,89,37,0,46,4,3,0,1,2,1,3,4,0,0,0,0,0,0,3,11,0
1717,1988,Graduation,Single,39747.0,1,0,13-04-2014,43,80,15,93,20,13,52,3,5,1,4,8,0,0,0,0,0,0,3,11,0
9491,1984,Graduation,Together,23976.0,1,0,27-12-2013,68,14,1,21,2,3,25,3,3,1,3,7,0,0,0,0,0,0,3,11,0
6609,1966,Graduation,Widow,27038.0,0,0,18-09-2012,64,1,26,25,17,23,15,1,3,0,3,9,0,0,0,0,0,0,3,11,1
10032,1976,Graduation,Divorced,12571.0,1,0,18-01-2014,86,3,5,14,2,12,17,4,3,1,3,6,0,0,0,0,0,0,3,11,0
6320,1976,Master,Single,70893.0,0,0,06-02-2013,42,768,44,561,77,44,14,1,6,6,10,3,0,0,0,0,0,0,3,11,0
2392,1972,Graduation,Married,40321.0,1,1,29-07-2013,59,44,4,21,6,0,27,2,3,0,3,7,0,0,0,0,0,0,3,11,0
113,1951,Graduation,Married,30833.0,1,1,16-07-2013,33,11,0,7,3,1,6,2,1,0,3,5,0,0,0,0,0,0,3,11,0
2863,1970,Graduation,Single,,1,2,23-08-2013,67,738,20,172,52,50,20,6,2,3,10,7,0,1,0,1,0,0,3,11,0
1802,1971,Graduation,Married,64795.0,0,1,17-01-2013,23,412,5,119,38,29,77,3,3,3,12,2,0,0,0,0,0,0,3,11,0
520,1974,Graduation,Married,34421.0,1,0,01-07-2013,81,3,3,7,6,2,9,1,1,0,2,7,0,0,0,0,0,0,3,11,0
7214,1957,Graduation,Married,62187.0,0,0,05-07-2013,49,792,0,275,45,45,126,1,4,8,5,3,0,0,0,0,0,0,3,11,0
5835,1976,PhD,Divorced,14849.0,1,0,02-07-2013,39,21,2,28,3,2,9,3,2,0,4,8,0,0,0,0,0,0,3,11,0
3896,1984,Graduation,Married,27255.0,1,0,07-11-2013,3,22,1,11,0,1,2,1,1,0,3,7,0,0,0,0,0,0,3,11,0
7786,1986,PhD,Single,29999.0,1,0,13-02-2013,22,68,7,59,10,5,11,4,3,1,4,8,0,0,0,0,0,0,3,11,0
2861,1983,Graduation,Single,24072.0,1,0,16-04-2013,79,9,1,6,3,0,4,1,1,0,2,8,0,0,0,0,0,0,3,11,0
663,1989,PhD,Single,33996.0,0,0,11-09-2013,46,40,2,15,8,0,6,1,1,1,3,4,0,0,0,0,0,0,3,11,0
9592,1983,Graduation,Together,22010.0,1,0,30-06-2013,51,11,2,9,3,0,8,2,2,0,3,8,0,0,0,0,0,0,3,11,0
10151,1960,Graduation,Divorced,62204.0,0,2,12-09-2012,38,317,46,247,151,46,139,1,4,5,12,3,0,0,0,0,0,0,3,11,0
4099,1972,Graduation,Married,30675.0,1,0,12-11-2012,14,10,2,16,11,2,21,1,1,0,3,8,0,0,0,0,0,0,3,11,0
9707,1969,PhD,Married,55212.0,0,1,23-11-2012,65,1103,0,45,0,0,34,3,4,2,11,8,0,1,0,0,1,0,3,11,0
8234,1973,Basic,Together,27190.0,1,0,15-08-2013,13,1,6,7,0,1,3,1,1,0,2,8,1,0,0,0,0,0,3,11,1
1411,1952,Graduation,Divorced,82623.0,0,0,10-11-2013,58,204,34,204,172,153,173,1,2,9,4,1,0,0,0,0,0,0,3,11,0
8553,1965,Graduation,Married,44300.0,1,1,23-06-2013,65,30,0,9,0,0,3,2,1,0,3,6,0,0,0,0,0,0,3,11,0
8842,1971,Graduation,Widow,30372.0,1,1,25-12-2012,33,15,0,12,7,3,7,3,2,0,3,7,0,0,0,0,0,0,3,11,0
11030,1976,Master,Married,33181.0,1,0,03-01-2014,90,9,0,3,0,0,4,1,1,0,2,6,1,0,0,0,0,0,3,11,0
6201,1978,Graduation,Single,38643.0,1,1,29-11-2013,45,22,2,14,0,1,10,2,2,0,3,7,0,0,0,0,0,1,3,11,0
2061,1955,Graduation,Married,50737.0,0,1,11-05-2013,61,78,0,11,0,0,10,1,2,0,4,6,0,1,0,0,0,0,3,11,0
2958,1978,Graduation,Married,28442.0,2,0,24-02-2014,53,19,3,10,11,8,6,3,2,1,4,4,0,0,0,0,0,0,3,11,0
933,1978,PhD,Married,37717.0,1,0,23-11-2012,31,9,0,6,4,1,5,1,1,0,2,9,0,0,0,0,0,0,3,11,0
5125,1960,Graduation,Married,79530.0,0,0,17-05-2013,64,333,0,815,129,42,29,1,4,10,11,2,0,0,0,0,0,0,3,11,0
4432,1976,Graduation,Divorced,31615.0,1,0,16-03-2013,82,2,3,20,6,11,9,2,2,0,3,7,0,0,0,0,0,0,3,11,0
5955,1962,Graduation,Together,72025.0,0,0,17-11-2012,27,833,33,549,151,133,233,1,4,3,8,3,0,0,0,0,0,0,3,11,0
2928,1975,PhD,Single,52614.0,0,1,01-12-2012,63,789,0,142,12,9,38,2,2,4,8,8,0,0,0,0,0,0,3,11,0
5680,1984,2n Cycle,Married,35684.0,1,0,22-04-2014,66,10,4,7,0,6,3,1,1,0,3,6,0,0,0,0,0,0,3,11,0
2557,1970,Master,Single,29548.0,1,0,29-08-2013,52,7,1,6,3,1,11,1,1,1,2,4,1,0,0,0,0,0,3,11,0
1245,1966,Graduation,Single,63810.0,0,1,11-11-2012,45,977,12,253,16,12,101,4,4,3,12,8,0,1,0,0,0,0,3,11,0
1726,1970,Graduation,Single,22585.0,0,0,18-03-2013,23,3,9,15,13,2,39,1,1,1,2,9,1,0,0,0,0,0,3,11,1
4459,1989,Graduation,Single,30279.0,1,0,30-12-2012,13,10,4,14,4,4,1,1,1,0,3,8,0,0,0,0,0,0,3,11,0
1517,1969,Graduation,Single,30822.0,1,0,14-06-2013,92,3,9,13,2,12,12,1,1,0,3,7,0,0,0,0,0,0,3,11,0
2098,1969,PhD,Married,33581.0,2,0,08-01-2013,38,11,0,5,0,0,1,1,1,0,2,8,0,0,0,0,0,0,3,11,0
9543,1985,Graduation,Married,19986.0,1,0,14-11-2013,74,3,6,5,0,2,6,1,0,0,3,7,0,0,0,0,0,0,3,11,0
948,1971,Graduation,Single,10245.0,1,0,15-05-2013,32,4,7,7,6,4,13,3,1,2,2,5,0,0,0,0,0,0,3,11,0
2066,1949,Graduation,Together,38823.0,0,1,30-08-2012,56,70,0,11,2,8,23,1,2,1,3,6,0,0,0,0,0,0,3,11,0
6354,1984,Graduation,Together,15345.0,1,0,31-08-2012,51,5,2,16,3,2,19,2,1,1,2,8,0,0,0,0,0,0,3,11,1
798,1987,Graduation,Single,23442.0,1,0,24-12-2012,71,2,0,6,8,6,5,1,1,0,3,7,0,0,0,0,0,0,3,11,0
8213,1980,2n Cycle,Together,14515.0,1,0,09-11-2012,71,6,4,9,6,36,35,4,2,2,3,7,0,0,0,0,0,0,3,11,1
7617,1974,Graduation,Single,42373.0,1,1,15-08-2013,83,67,5,61,3,8,19,5,2,1,5,5,0,0,0,0,0,0,3,11,0
194,1965,Graduation,Married,48006.0,1,1,09-06-2014,55,23,0,11,3,2,2,1,1,0,3,6,0,0,0,0,0,0,3,11,0
5049,1974,PhD,Together,30351.0,1,0,06-06-2013,19,14,0,24,3,3,2,1,3,0,2,9,0,0,0,0,0,0,3,11,0
7301,1982,2n Cycle,Single,23616.0,1,0,17-11-2012,76,4,22,11,3,7,32,2,3,0,3,8,0,0,0,0,0,0,3,11,1
6504,1975,2n Cycle,Together,19789.0,1,0,20-11-2013,24,2,5,9,28,6,28,3,2,1,3,5,1,0,0,0,0,0,3,11,0
5929,1973,PhD,Married,37401.0,1,0,06-05-2014,14,19,3,19,3,1,3,2,2,0,3,7,0,0,0,0,0,0,3,11,0
3129,1983,Graduation,Married,30096.0,1,0,22-05-2014,30,5,3,11,12,5,9,1,2,0,3,6,0,0,0,0,0,0,3,11,0
5987,1989,2n Cycle,Together,10404.0,1,0,04-05-2014,52,2,2,11,10,6,12,2,1,0,4,5,0,0,0,0,0,0,3,11,0
498,1970,Graduation,Single,30015.0,1,0,02-02-2014,28,25,0,22,2,3,5,2,1,0,4,5,0,0,0,0,0,0,3,11,0
9347,1956,Master,Together,50943.0,0,1,21-06-2013,49,31,0,7,2,0,6,1,1,0,3,5,0,0,0,0,0,0,3,11,0
9699,1966,Graduation,Divorced,67272.0,0,1,21-12-2013,12,357,35,271,28,28,14,3,6,2,12,5,0,0,0,0,0,0,3,11,0
5455,1971,PhD,Married,32011.0,1,0,22-08-2013,89,99,0,15,2,1,5,3,2,1,4,7,0,0,0,0,0,0,3,11,0
456,1986,2n Cycle,Married,7500.0,1,0,07-02-2013,96,1,11,5,4,6,9,2,2,0,3,8,0,0,0,0,0,0,3,11,0
5012,1989,Graduation,Married,28691.0,1,0,04-07-2013,56,5,4,13,8,0,4,1,1,0,3,8,0,0,0,0,0,0,3,11,0
5029,1946,Graduation,Married,18100.0,0,0,06-08-2013,14,3,1,2,4,3,1,1,0,0,3,5,0,0,0,0,0,0,3,11,0
10642,1989,Graduation,Single,30279.0,1,0,30-12-2012,13,10,4,14,4,4,1,1,1,0,3,8,0,0,0,0,0,0,3,11,0
2106,1974,2n Cycle,Married,20130.0,0,0,17-03-2014,99,0,6,3,7,6,12,1,1,0,3,8,0,0,0,0,0,0,3,11,0
10364,1959,Graduation,Divorced,23295.0,0,0,13-07-2013,72,0,0,1,2,12,5,1,1,0,2,8,0,0,0,0,0,0,3,11,0
5954,1972,Master,Divorced,42618.0,1,0,09-10-2013,92,76,14,74,13,5,10,2,5,0,4,8,0,0,0,0,0,0,3,11,0
2541,1976,Graduation,Married,24027.0,1,0,09-06-2013,7,14,7,11,11,0,5,2,2,0,3,8,0,0,0,0,0,0,3,11,0
2807,1969,Graduation,Married,56796.0,0,1,16-02-2013,24,656,38,161,62,47,37,3,8,9,7,7,0,0,0,0,0,0,3,11,0
6471,1971,Master,Single,36230.0,1,0,17-10-2013,17,14,2,30,8,2,3,1,2,0,4,5,0,0,0,0,0,0,3,11,0
3225,1984,Master,Married,42207.0,1,0,01-04-2013,71,116,11,72,3,17,46,4,4,1,5,6,1,0,0,0,0,0,3,11,1
7851,1949,Graduation,Widow,70165.0,0,0,22-09-2013,60,161,0,253,199,191,122,1,3,7,11,1,0,0,0,0,0,0,3,11,0
2815,1975,Graduation,Married,33183.0,1,0,24-02-2014,46,7,5,39,17,15,37,2,4,0,3,7,0,0,0,0,0,0,3,11,0
9213,1970,Graduation,Widow,31880.0,1,0,31-10-2012,13,4,1,5,2,0,3,1,1,0,2,8,0,0,0,0,0,0,3,11,0
3916,1971,PhD,Together,49269.0,1,0,15-08-2012,92,639,8,166,11,8,58,3,7,3,12,7,0,0,0,0,0,0,3,11,0
1581,1980,Graduation,Married,37406.0,1,0,10-10-2013,18,2,0,8,2,2,3,1,1,0,2,8,0,0,0,0,0,0,3,11,1
6619,1978,Graduation,Married,38415.0,1,1,02-01-2013,91,22,1,13,4,0,4,2,1,0,3,7,0,0,0,0,0,0,3,11,0
178,1956,Graduation,Married,62503.0,0,1,18-02-2013,40,478,0,193,110,75,117,4,8,3,11,5,0,0,0,0,0,0,3,11,0
5300,1973,Master,Married,38961.0,1,0,30-12-2013,60,19,7,19,0,1,24,1,2,1,2,7,0,0,0,0,0,0,3,11,0
5154,1972,Master,Divorced,37760.0,1,0,11-08-2013,54,26,3,13,2,10,0,1,2,0,3,6,0,0,0,0,0,0,3,11,0
1676,1975,Graduation,Married,43057.0,0,1,30-10-2013,30,213,2,44,0,2,5,4,4,2,5,5,0,0,0,0,0,0,3,11,0
3436,1969,Graduation,Married,14045.0,1,0,26-01-2014,24,11,0,5,2,1,1,1,1,0,3,7,0,0,0,0,0,0,3,11,0
8737,1978,Graduation,Divorced,55563.0,0,1,05-04-2014,22,29,1,9,2,0,2,1,2,0,3,3,0,0,0,0,0,0,3,11,0
9135,1950,Graduation,Together,27203.0,1,1,06-08-2012,92,13,2,21,4,0,24,2,1,1,2,8,0,0,0,0,0,0,3,11,0
10623,1961,Master,Together,48330.0,0,1,15-11-2013,2,28,0,4,0,0,0,1,1,0,3,5,0,0,0,0,0,0,3,11,0
5140,1985,PhD,Married,64355.0,1,0,24-08-2012,66,1047,0,140,67,38,153,2,4,3,12,8,0,0,0,0,0,0,3,11,0
10160,1956,Master,Together,50943.0,0,1,21-06-2013,49,31,0,7,2,0,6,1,1,0,3,5,0,0,0,0,0,0,3,11,0
10584,1976,Graduation,Married,65665.0,0,1,02-12-2013,77,225,162,387,106,36,29,1,5,10,8,3,0,0,0,0,0,0,3,11,0
4320,1979,Graduation,Single,60152.0,0,1,28-03-2013,6,325,83,300,86,58,91,1,6,4,12,3,0,0,0,0,0,0,3,11,0
10203,1990,Graduation,Single,26095.0,1,0,30-06-2013,77,11,7,9,3,1,11,1,1,0,3,7,0,0,0,0,0,0,3,11,0
4607,1959,Graduation,Together,71367.0,0,0,23-08-2013,24,227,23,389,42,21,75,1,4,5,7,2,0,0,0,0,0,0,3,11,0
3696,1965,Graduation,Divorced,30630.0,1,1,27-01-2014,67,27,1,12,2,0,10,2,2,0,3,7,0,0,0,0,0,0,3,11,0
35,1987,Graduation,Married,25545.0,1,0,08-09-2012,35,32,1,64,16,12,85,3,2,2,3,6,0,0,0,0,0,0,3,11,1
2258,1986,Graduation,Married,32880.0,1,0,04-12-2012,76,8,4,15,7,6,2,1,1,0,3,8,0,0,0,0,0,0,3,11,0
2004,1969,Graduation,Single,72679.0,0,1,18-09-2013,65,619,54,260,127,54,54,1,4,7,5,1,0,0,0,0,0,0,3,11,0
8724,1982,Graduation,Single,28567.0,1,0,17-06-2013,57,11,3,22,2,2,6,2,2,0,3,6,0,0,0,0,0,0,3,11,0
1991,1967,Graduation,Together,44931.0,0,1,18-01-2014,0,78,0,11,0,0,7,1,2,1,3,5,0,0,0,0,0,0,3,11,0
304,1981,Master,Single,22944.0,1,0,23-12-2013,67,19,3,19,4,5,26,3,3,0,3,7,0,0,0,0,0,0,3,11,0
3665,1977,2n Cycle,Together,25315.0,1,0,07-11-2013,46,1,9,8,11,3,22,3,3,0,3,8,0,0,0,0,0,0,3,11,0
5036,1984,PhD,Single,42710.0,1,0,28-11-2012,38,252,3,42,4,3,102,2,4,5,3,6,0,0,0,0,0,0,3,11,0
8541,1990,2n Cycle,Married,24683.0,1,0,08-03-2014,98,8,4,10,6,7,6,2,2,0,4,5,0,0,0,0,0,0,3,11,0
10955,1964,Graduation,Widow,85620.0,0,0,07-01-2014,68,416,46,925,60,107,46,1,3,6,4,1,0,0,0,0,0,0,3,11,1
4368,1980,Graduation,Married,47850.0,1,0,03-12-2013,72,42,7,43,20,12,10,1,3,0,4,6,0,0,0,0,0,0,3,11,0
9671,1968,Graduation,Married,19514.0,1,1,26-01-2014,47,14,3,21,2,1,28,4,3,1,2,8,1,0,0,0,0,0,3,11,1
2256,1973,Master,Married,27159.0,1,1,29-03-2014,33,17,0,3,0,0,1,2,1,0,3,6,0,0,0,0,0,0,3,11,0
9460,1963,Graduation,Married,22419.0,0,0,18-04-2013,74,30,3,47,19,21,42,1,3,2,2,8,0,0,0,0,0,0,3,11,0
448,1978,PhD,Single,54880.0,1,0,01-03-2013,57,308,85,137,102,45,118,2,6,2,11,5,0,0,0,0,0,0,3,11,0
8420,1970,2n Cycle,Married,15315.0,0,0,03-08-2013,27,7,4,13,15,8,17,2,2,0,4,5,0,0,0,0,0,0,3,11,0
7685,1978,Graduation,Married,33039.0,1,0,09-09-2013,4,30,8,12,8,8,12,1,2,0,4,5,0,0,0,0,0,0,3,11,0
9780,1971,Master,Together,71499.0,0,1,25-06-2013,12,465,25,132,136,0,37,2,8,3,13,4,0,0,0,0,0,0,3,11,0
10681,1970,2n Cycle,Married,62466.0,0,1,15-01-2014,13,129,129,259,168,121,83,5,6,3,12,4,0,0,0,0,0,0,3,11,0
891,1951,Master,Together,29298.0,1,1,07-09-2013,60,6,0,2,2,0,1,1,1,0,2,5,0,0,0,0,0,0,3,11,0
10381,1979,Graduation,Single,47691.0,0,1,05-07-2013,43,14,0,3,0,0,4,1,1,0,2,6,0,0,0,0,0,0,3,11,0
3525,1970,Graduation,Together,38200.0,1,1,07-12-2012,19,12,0,4,0,0,1,1,1,0,2,7,0,0,0,0,0,0,3,11,0
3526,1968,PhD,Married,38443.0,1,1,27-01-2014,58,32,0,5,0,0,1,2,1,0,3,7,0,0,0,0,0,0,3,11,0
8181,1978,2n Cycle,Single,38593.0,1,0,13-09-2013,42,51,12,49,17,24,24,3,4,1,3,8,0,0,0,0,0,0,3,11,0
7369,1981,Master,Married,36959.0,1,0,02-10-2013,56,25,6,25,6,0,0,2,2,0,3,8,0,0,0,0,0,0,3,11,0
8159,1968,Graduation,Married,51287.0,1,1,01-04-2014,10,117,0,22,13,0,30,3,4,1,3,7,0,0,0,0,0,0,3,11,0
10242,1966,PhD,Together,47472.0,1,1,16-09-2013,39,56,0,11,0,0,8,2,2,0,4,5,0,0,0,0,0,0,3,11,0
5966,1974,PhD,Married,45207.0,1,1,10-11-2012,64,203,0,10,0,0,2,5,3,1,6,6,0,1,0,0,0,0,3,11,0
5081,1967,2n Cycle,Together,47821.0,1,1,20-10-2013,54,9,0,16,6,6,10,1,1,0,3,8,0,0,0,0,0,0,3,11,0
5123,1951,Master,Married,27450.0,0,0,15-04-2013,57,37,12,23,8,11,52,1,2,1,3,7,0,0,0,0,0,0,3,11,0
5756,1983,Graduation,Together,39453.0,1,0,03-04-2014,64,46,0,7,0,0,2,2,2,0,3,6,0,0,0,0,0,0,3,11,0
8036,1971,2n Cycle,Together,26850.0,1,1,18-04-2014,10,31,1,13,7,2,9,4,2,1,4,4,0,0,0,0,0,0,3,11,0
4179,1959,Graduation,Together,24221.0,0,0,20-08-2013,94,8,9,9,2,5,22,1,1,1,3,4,0,0,0,0,0,0,3,11,0
3710,1984,PhD,Single,39684.0,1,0,12-10-2012,41,19,0,35,6,4,17,2,2,1,2,7,0,0,0,0,0,1,3,11,1
4501,1965,Master,Single,69882.0,0,0,10-11-2013,94,292,127,635,132,127,165,1,3,7,9,1,0,0,0,0,0,0,3,11,0
6424,1977,Graduation,Together,33178.0,1,0,30-01-2014,9,12,6,2,11,2,16,1,1,0,3,4,0,0,0,0,0,0,3,11,0
4992,1975,Master,Together,17459.0,1,0,19-09-2013,12,6,4,16,3,10,30,3,3,1,2,7,0,0,0,0,0,0,3,11,1
5252,1969,Graduation,Divorced,23910.0,1,0,26-10-2012,80,16,12,18,7,1,13,1,2,0,3,7,0,0,0,0,0,0,3,11,0
7444,1969,Master,Married,42169.0,1,1,19-10-2013,20,19,0,9,0,0,2,2,1,0,3,8,0,0,0,0,0,0,3,11,0
6919,1978,2n Cycle,Married,26224.0,1,0,04-06-2013,39,4,7,15,13,9,15,3,2,1,3,6,0,0,0,0,0,0,3,11,0
3537,1981,Graduation,Together,31089.0,1,0,17-08-2012,57,31,3,31,2,8,4,3,3,0,4,8,0,0,0,0,0,0,3,11,0
10277,1961,Graduation,Single,30081.0,0,1,21-02-2013,27,36,0,2,0,0,4,1,1,0,3,7,0,0,0,0,0,0,3,11,0
7232,1973,Graduation,Widow,42429.0,0,1,11-02-2014,99,55,0,6,2,0,4,2,1,1,3,5,0,0,0,0,0,0,3,11,0
2457,1975,Basic,Married,30801.0,0,1,26-10-2012,23,8,4,5,15,2,11,2,1,0,3,7,0,0,0,0,0,0,3,11,0
988,1965,Graduation,Married,81168.0,0,0,07-05-2014,84,410,0,592,147,22,22,1,6,4,7,3,0,0,0,1,0,0,3,11,0
7930,1969,Master,Single,26877.0,0,0,19-08-2013,74,101,13,76,20,18,40,2,3,1,6,6,0,0,0,0,0,0,3,11,0
6682,1973,Basic,Married,18978.0,1,0,11-12-2012,41,2,8,1,4,7,15,1,1,0,3,8,0,0,0,0,0,0,3,11,0
10299,1969,PhD,Single,48240.0,0,0,09-11-2012,73,389,91,248,64,49,41,3,6,3,13,5,0,0,0,0,0,0,3,11,1
8650,1978,Graduation,Widow,54162.0,1,1,18-03-2013,31,5,6,10,6,5,10,1,1,0,3,4,0,0,0,0,0,0,3,11,0
6941,1971,Graduation,Single,31632.0,0,0,14-07-2013,92,17,8,12,11,15,32,1,2,1,2,7,0,0,0,0,0,0,3,11,0
10708,1978,2n Cycle,Single,36975.0,1,0,28-12-2013,50,10,6,11,0,4,2,1,1,0,3,7,0,0,0,0,0,0,3,11,0
6583,1955,2n Cycle,Married,72635.0,0,0,03-06-2013,54,390,22,323,104,35,107,1,6,8,6,3,0,0,0,1,0,0,3,11,0
3641,1976,Graduation,Married,13624.0,1,0,20-01-2013,93,10,2,15,2,1,6,2,2,0,3,6,0,0,0,0,0,0,3,11,0
3469,1977,PhD,Divorced,34487.0,1,1,06-09-2012,94,19,18,33,24,1,8,3,3,0,3,9,0,0,0,0,0,0,3,11,0
5063,1977,Graduation,Single,28769.0,1,0,18-12-2012,76,41,5,129,10,3,3,3,4,1,4,9,0,0,0,0,0,0,3,11,0
10727,1970,PhD,Married,69084.0,1,0,19-11-2013,43,1181,107,199,39,30,30,2,7,3,13,8,0,0,0,0,0,0,3,11,0
5156,1970,2n Cycle,Married,62466.0,0,1,15-01-2014,13,129,129,259,168,121,83,5,6,3,12,4,0,0,0,0,0,0,3,11,0
8923,1973,Graduation,Single,83917.0,0,0,18-04-2013,12,514,22,732,42,198,79,1,6,7,7,3,0,0,0,0,0,0,3,11,1
1173,1947,Master,Together,77632.0,0,0,10-03-2013,73,1200,105,758,0,42,147,1,4,2,6,2,0,1,1,0,0,0,3,11,1
10928,1958,Graduation,Together,66886.0,0,1,16-09-2013,28,315,4,62,41,31,146,2,7,1,7,5,0,0,0,0,0,0,3,11,0
6728,1985,Graduation,Together,29103.0,1,0,27-08-2012,38,16,0,17,6,3,6,2,1,0,3,9,0,0,0,0,0,0,3,11,0
2564,1953,Graduation,Together,61278.0,0,1,04-01-2014,87,111,3,28,2,6,15,2,3,1,4,6,0,0,0,0,0,0,3,11,0
7093,1985,Graduation,Married,19986.0,1,0,14-11-2013,74,3,6,5,0,2,6,1,0,0,3,7,0,0,0,0,0,0,3,11,0
8162,1956,Master,Together,14661.0,0,0,01-01-2013,88,4,1,11,6,2,2,1,1,0,3,6,0,0,0,0,0,0,3,11,0
10826,1959,Graduation,Married,18690.0,0,0,28-12-2012,77,6,1,7,23,4,19,1,1,1,2,8,0,0,0,0,0,0,3,11,0
8754,1974,PhD,Together,45068.0,0,1,16-05-2013,25,14,0,3,0,0,3,1,1,0,2,7,0,0,0,0,0,0,3,11,0
1987,1987,Basic,Single,21063.0,1,0,25-09-2013,34,1,10,11,19,3,15,2,2,0,3,6,0,0,0,0,0,0,3,11,0
11007,1968,PhD,Married,29187.0,1,0,09-05-2013,43,26,0,6,0,0,2,1,1,0,3,8,0,0,0,0,0,0,3,11,0
7426,1971,2n Cycle,Married,54690.0,1,1,07-11-2013,76,111,16,37,7,9,18,3,3,1,5,3,0,0,0,0,0,0,3,11,0
9204,1970,Graduation,Widow,66731.0,0,1,12-09-2012,33,371,159,194,58,106,141,4,4,3,6,3,0,0,0,0,0,0,3,11,0
3197,1980,Graduation,Married,77353.0,0,1,16-12-2013,38,275,59,107,69,101,59,2,6,4,8,4,0,0,0,0,0,0,3,11,0
2920,1975,PhD,Single,52614.0,0,1,01-12-2012,63,789,0,142,12,9,38,2,2,4,8,8,0,0,0,0,0,0,3,11,0
2891,1963,Graduation,Divorced,68118.0,0,1,18-10-2013,51,595,23,123,10,23,154,2,8,9,4,6,0,0,0,0,0,0,3,11,0
10120,1955,Graduation,Together,38946.0,0,1,24-10-2013,84,116,6,82,6,6,41,2,3,1,6,5,0,0,0,0,0,0,3,11,0
450,1958,Master,Together,42315.0,0,1,12-07-2013,90,67,15,80,17,11,80,3,1,4,4,3,0,0,0,0,0,0,3,11,0
9316,1952,Basic,Together,13084.0,0,0,02-11-2013,29,2,0,7,3,7,10,1,1,0,3,6,0,0,0,0,0,0,3,11,0
10888,1961,Graduation,Single,45938.0,0,0,03-11-2013,46,273,11,178,62,83,29,2,8,4,6,6,0,0,0,0,0,0,3,11,0
10196,1978,Graduation,Married,71427.0,2,0,12-03-2014,26,212,123,177,15,64,23,2,8,2,8,4,0,0,0,0,0,0,3,11,0
6384,1978,Graduation,Divorced,71022.0,0,1,11-02-2014,30,909,12,278,0,12,242,3,5,2,11,8,1,0,0,0,0,0,3,11,0
1940,1986,Graduation,Married,25252.0,1,0,12-07-2013,26,1,3,4,2,2,6,1,1,0,2,8,0,0,0,0,0,0,3,11,0
1272,1965,Master,Single,55250.0,0,1,21-10-2012,49,664,58,83,32,0,66,4,7,5,10,5,0,0,0,0,0,0,3,11,0
1388,1975,Graduation,Single,33249.0,1,0,20-02-2013,11,6,10,21,19,14,42,2,2,1,3,6,0,0,0,0,0,0,3,11,0
1044,1953,Graduation,Together,58398.0,0,0,14-05-2013,44,299,5,201,21,21,49,3,5,4,8,4,0,0,0,0,0,0,3,11,0
10479,1975,PhD,Married,76618.0,0,0,07-12-2012,64,749,40,294,121,160,147,1,3,2,5,1,0,0,0,0,0,0,3,11,0
1715,1978,Graduation,Together,25851.0,1,0,11-02-2013,45,9,4,18,7,5,5,2,2,0,3,7,0,0,0,0,0,0,3,11,0
1463,1958,Graduation,Single,45160.0,1,1,29-03-2014,9,8,2,5,3,0,3,1,1,0,2,7,0,0,0,0,0,0,3,11,0
5114,1965,Master,Married,74806.0,0,1,19-12-2012,1,670,9,249,0,28,9,2,5,4,5,4,0,0,0,0,0,0,3,11,0
4329,1984,PhD,Married,18988.0,1,0,23-05-2014,43,6,0,6,2,1,1,2,1,0,3,7,0,0,0,0,0,0,3,11,0
6086,1955,Graduation,Married,80395.0,0,0,23-11-2013,62,445,25,706,80,76,48,1,6,5,12,2,0,0,0,1,0,0,3,11,0
437,1976,Master,Divorced,75012.0,0,0,25-01-2014,41,294,142,218,164,58,151,1,3,8,11,1,0,0,0,0,0,0,3,11,0
5329,1949,PhD,Divorced,35946.0,1,1,27-09-2013,24,8,0,3,0,0,0,1,0,0,3,5,0,0,0,0,0,0,3,11,0
9384,1978,Graduation,Married,66373.0,1,1,12-06-2013,57,328,9,124,12,24,109,7,4,2,10,3,0,0,0,0,0,0,3,11,0
7458,1956,Master,Together,34941.0,1,1,06-03-2013,26,39,2,25,4,3,24,2,3,0,3,8,0,0,0,0,0,0,3,11,0
7761,1978,2n Cycle,Together,38702.0,1,0,01-08-2013,71,13,11,24,13,8,40,2,3,0,4,6,0,0,0,0,0,0,3,11,0
5278,1964,Graduation,Married,82224.0,0,0,25-01-2014,83,307,26,360,138,31,40,1,6,9,5,3,0,0,0,1,0,0,3,11,0
3560,1952,Graduation,Together,83844.0,0,0,12-05-2013,57,901,31,345,75,31,191,1,4,4,11,1,0,0,1,0,0,0,3,11,0
7235,1975,2n Cycle,Married,17003.0,1,0,09-12-2013,37,2,5,12,4,8,7,3,2,0,4,5,0,0,0,0,0,0,3,11,0
2281,1970,Graduation,Single,33697.0,1,0,15-09-2013,34,4,3,7,0,3,11,1,1,0,2,7,1,0,0,0,0,0,3,11,0
6974,1972,PhD,Together,83443.0,0,0,31-12-2013,89,518,42,742,55,56,84,1,6,10,5,2,0,0,0,0,0,0,3,11,0
4012,1972,PhD,Together,62220.0,0,1,11-08-2012,55,799,12,375,16,12,12,5,7,6,5,6,0,0,0,0,0,0,3,11,1
5909,1964,Graduation,Married,58512.0,0,1,19-09-2013,25,895,10,101,13,0,152,5,3,4,8,8,0,0,0,0,0,0,3,11,0
10470,1979,Master,Married,40662.0,1,0,15-03-2013,0,40,2,23,0,4,23,2,2,1,3,4,0,0,0,0,0,0,3,11,0
10270,1981,2n Cycle,Married,35523.0,1,0,03-10-2013,8,11,5,22,12,5,11,2,3,0,3,7,0,0,0,0,0,0,3,11,0
6887,1967,Graduation,Single,79146.0,1,1,24-04-2014,33,245,16,223,21,43,16,2,8,1,8,6,0,0,0,0,0,0,3,11,0
20,1965,2n Cycle,Married,46891.0,0,1,01-09-2013,91,43,12,23,29,15,61,1,2,1,4,4,0,0,0,0,0,0,3,11,0
2371,1972,Graduation,Married,33622.0,1,1,13-04-2013,22,39,1,22,3,4,12,3,2,0,4,7,0,0,0,0,0,0,3,11,0
6825,1953,Graduation,Together,41452.0,1,1,06-03-2013,86,13,0,3,0,0,0,1,1,0,2,7,0,0,0,0,0,0,3,11,0
1072,1965,PhD,Single,40760.0,0,1,30-08-2013,64,70,0,17,0,0,6,2,2,1,3,6,0,0,0,0,0,0,3,11,0
10736,1971,Graduation,Single,72258.0,0,1,12-09-2013,28,522,0,522,227,120,134,2,6,9,5,2,0,0,0,0,0,0,3,11,0
10839,1976,Graduation,Together,36283.0,1,1,14-04-2014,42,6,5,5,8,0,5,2,1,0,3,4,0,0,0,0,0,0,3,11,0
49,1970,Graduation,Single,20587.0,1,0,11-05-2014,39,2,3,6,4,1,9,1,1,1,2,7,0,0,0,0,0,0,3,11,0
4290,1972,Graduation,Married,30467.0,1,0,19-03-2014,8,1,3,8,2,5,5,1,1,0,2,7,0,0,0,0,0,0,3,11,0
10219,1972,Graduation,Together,31590.0,1,0,18-06-2013,40,6,2,15,6,6,3,1,1,0,3,8,0,0,0,0,0,0,3,11,0
3479,1950,Graduation,Single,16813.0,0,0,19-07-2013,49,4,8,11,12,2,13,1,2,0,3,7,1,0,0,0,0,0,3,11,0
4442,1961,Graduation,Single,46524.0,0,1,05-04-2013,70,31,19,35,26,14,52,2,1,1,5,3,0,0,0,0,0,0,3,11,0
8523,1968,Graduation,Married,19329.0,1,0,14-12-2013,39,24,1,16,12,2,5,3,4,0,3,8,0,0,0,0,0,0,3,11,0
8629,1956,Graduation,Widow,46984.0,1,1,26-03-2013,71,19,1,10,2,1,8,1,1,0,3,5,0,0,0,0,0,0,3,11,0
4599,1976,Master,Married,49681.0,0,2,04-11-2013,66,411,0,26,0,0,21,6,7,1,7,7,0,0,0,0,0,0,3,11,0
7352,1957,Graduation,Married,55267.0,0,1,21-10-2013,28,161,28,136,32,3,45,4,3,4,6,3,0,0,0,0,0,0,3,11,0
9145,1972,Graduation,Single,72504.0,0,1,06-04-2013,43,604,26,470,123,161,94,2,5,9,6,2,0,0,0,0,0,0,3,11,0
5585,1972,Graduation,Single,21359.0,1,0,20-04-2013,1,12,2,17,6,1,10,2,2,0,3,8,0,0,0,0,0,0,3,11,1
3900,1972,Graduation,Married,65685.0,0,1,29-03-2014,54,642,14,49,0,7,57,1,9,2,9,5,0,0,0,0,0,0,3,11,0
7034,1978,2n Cycle,Married,25804.0,1,0,01-09-2013,34,8,7,9,13,6,12,2,2,0,3,8,0,0,0,0,0,0,3,11,0
1143,1972,Graduation,Married,22063.0,1,0,08-08-2013,43,7,10,13,3,11,11,2,2,0,3,7,0,0,0,0,0,0,3,11,0
3855,1963,Graduation,Married,22419.0,0,0,18-04-2013,74,30,3,47,19,21,42,1,3,2,2,8,0,0,0,0,0,0,3,11,0
5989,1959,2n Cycle,Divorced,78353.0,0,1,16-04-2013,51,752,122,476,39,153,34,1,10,2,11,8,0,0,0,0,0,0,3,11,0
6646,1984,Graduation,Together,16529.0,1,0,01-03-2014,23,3,0,5,13,0,1,1,1,0,3,6,0,0,0,0,0,0,3,11,0
4887,1976,PhD,Divorced,55412.0,1,1,22-11-2013,65,10,5,28,11,1,8,1,2,0,3,5,0,0,0,0,0,0,3,11,0
11003,1980,2n Cycle,Together,25130.0,1,0,02-10-2013,10,2,5,7,0,18,18,2,2,0,3,7,0,0,0,0,0,0,3,11,0
10402,1967,Graduation,Married,35441.0,1,1,14-02-2013,94,25,1,9,2,1,1,2,1,0,3,8,0,0,0,0,0,0,3,11,0
6141,1972,Master,Single,49494.0,1,0,25-04-2013,46,191,9,97,0,6,82,2,6,1,5,7,0,0,0,0,0,0,3,11,0
10856,1980,2n Cycle,Single,45889.0,0,1,02-07-2013,42,31,0,6,0,1,8,1,1,0,3,6,0,0,0,0,0,0,3,11,0
4186,1950,Graduation,Together,34026.0,1,1,05-08-2013,11,18,6,15,12,8,17,3,2,1,3,5,0,0,0,0,0,0,3,11,0
3312,1988,Graduation,Single,34176.0,1,0,12-05-2014,12,5,7,24,19,14,20,4,3,0,4,6,0,0,0,0,0,0,3,11,0
5935,1956,Master,Single,55284.0,0,1,24-12-2012,60,547,7,140,0,7,63,3,7,5,8,5,0,0,0,0,0,0,3,11,0
2895,1963,Graduation,Single,49980.0,0,1,23-10-2013,79,104,1,54,13,9,14,2,3,1,5,5,0,0,0,0,0,0,3,11,0
7186,1966,PhD,Together,30843.0,1,1,26-05-2014,43,24,0,2,0,0,9,2,1,1,2,5,1,0,0,0,0,0,3,11,0
4877,1973,Master,Married,38576.0,0,1,04-03-2014,2,34,0,7,0,0,0,1,1,0,3,7,0,0,0,0,0,0,3,11,0
3007,1966,Graduation,Together,37758.0,1,1,04-10-2012,49,27,2,10,0,0,1,2,1,0,3,8,0,0,0,0,0,0,3,11,0
4297,1969,Graduation,Together,23228.0,1,0,26-01-2014,71,13,2,18,6,1,0,2,2,0,3,8,0,0,0,0,0,0,3,11,0
4120,1975,2n Cycle,Single,49514.0,1,0,17-12-2013,61,88,39,78,58,13,93,2,6,1,4,7,0,0,0,0,0,0,3,11,0
2036,1973,PhD,Together,57906.0,0,1,11-06-2013,29,243,11,119,10,3,15,3,4,2,8,4,0,0,0,0,0,0,3,11,0
2447,1979,Graduation,Together,30545.0,1,0,17-10-2012,71,4,12,15,19,7,12,2,2,0,3,7,0,0,0,0,0,0,3,11,0
9353,1959,Graduation,Single,62450.0,0,1,06-01-2014,61,515,47,267,62,66,38,2,5,5,4,3,0,1,0,0,0,0,3,11,0
3623,1976,Graduation,Together,21675.0,1,0,11-06-2014,55,4,0,16,17,4,4,3,4,0,3,7,0,0,0,0,0,0,3,11,0
738,1981,2n Cycle,Single,42395.0,1,1,04-04-2014,35,48,13,57,24,15,25,4,3,1,4,7,0,0,0,0,0,0,3,11,0
7631,1978,Master,Together,61346.0,1,0,06-10-2013,34,562,58,168,43,16,142,1,5,7,10,3,0,0,0,0,0,0,3,11,0
10602,1983,Graduation,Married,39922.0,1,0,14-02-2013,30,29,12,59,19,1,36,2,3,0,4,8,0,0,0,0,0,0,3,11,0
8443,1972,Graduation,Single,24762.0,1,0,10-02-2014,16,6,10,12,3,15,40,3,3,1,2,8,1,0,0,0,0,0,3,11,1
9653,1975,Graduation,Married,35797.0,0,1,16-10-2012,16,27,1,14,4,1,21,2,2,0,3,8,0,0,0,0,0,0,3,11,0
8916,1975,Graduation,Divorced,36627.0,2,0,23-07-2013,78,9,1,5,0,0,1,1,0,0,3,5,0,0,0,0,0,0,3,11,0
8017,1981,2n Cycle,Married,51111.0,1,1,19-06-2014,83,22,0,19,6,5,3,2,2,0,3,6,0,0,0,0,0,0,3,11,0
4597,1970,PhD,Together,82072.0,0,0,02-07-2013,67,889,55,685,168,92,129,1,3,2,13,1,0,0,0,0,0,0,3,11,0
8086,1959,Graduation,Married,42243.0,1,1,11-12-2013,34,48,0,2,0,0,5,2,2,0,3,7,0,0,0,0,0,0,3,11,0
1928,1973,Graduation,Married,31814.0,1,0,09-02-2013,73,35,3,20,4,1,20,2,2,0,3,9,1,0,0,0,0,0,3,11,0
8800,1943,PhD,Divorced,48948.0,0,0,01-02-2013,53,437,8,206,160,49,42,2,7,10,5,6,1,0,0,0,0,0,3,11,1
9224,1972,PhD,Single,55260.0,0,1,12-12-2012,81,825,8,53,11,0,242,2,8,10,5,6,0,0,0,0,0,0,3,11,0
905,1986,Graduation,Divorced,21846.0,1,0,22-10-2013,38,7,17,18,6,10,26,4,4,0,3,8,0,0,0,0,0,0,3,11,0
8624,1958,Graduation,Married,81320.0,0,0,06-02-2013,61,183,33,493,59,103,57,1,4,3,10,2,0,0,0,0,0,0,3,11,0
8945,1970,Graduation,Divorced,54137.0,0,1,16-08-2013,46,171,0,11,0,1,20,2,4,1,4,6,0,0,0,0,0,0,3,11,0
1968,1971,Graduation,Widow,45684.0,1,0,02-12-2013,37,5,1,5,10,0,7,1,1,0,2,7,0,0,0,0,0,0,3,11,0
6534,1974,Graduation,Together,47889.0,1,0,04-01-2014,94,29,0,29,0,5,4,1,2,0,3,5,0,0,0,0,0,0,3,11,0
7053,1966,PhD,Single,78420.0,0,0,29-06-2013,75,604,28,674,91,28,28,1,3,10,8,1,0,0,0,0,0,0,3,11,0
1048,1972,Master,Married,35641.0,1,0,14-07-2013,11,63,3,67,8,9,28,2,3,1,4,7,0,0,0,0,0,0,3,11,1
4487,1969,Master,Single,39858.0,1,0,24-01-2013,67,15,20,25,2,7,26,1,2,0,4,6,0,0,0,0,0,0,3,11,1
6383,1971,PhD,Together,32892.0,1,0,25-05-2014,78,26,0,15,2,1,2,2,3,0,3,8,0,0,0,0,0,0,3,11,0
3673,1971,Graduation,Single,55239.0,0,1,14-07-2013,59,371,17,238,23,24,106,3,7,5,11,5,0,0,0,0,0,0,3,11,0
8405,1979,Graduation,Divorced,68274.0,1,1,30-09-2013,83,135,25,51,23,25,46,2,4,2,5,3,0,0,0,0,0,0,3,11,0
6515,1977,Graduation,Together,39771.0,1,0,06-12-2013,92,6,2,18,2,8,14,1,2,0,3,4,0,0,0,0,0,0,3,11,0
6387,1976,PhD,Together,52190.0,1,1,08-05-2014,39,42,0,17,0,0,18,3,2,1,3,5,1,0,0,0,0,0,3,11,0
5048,1971,PhD,Single,42767.0,2,0,11-05-2013,53,20,6,43,19,5,38,1,3,1,2,8,0,0,0,0,0,0,3,11,0
8146,1976,Master,Together,46106.0,1,1,11-05-2014,84,30,0,8,2,0,14,1,1,1,2,6,0,0,0,0,0,0,3,11,0
1523,1973,Graduation,Married,59041.0,1,1,07-05-2014,25,69,2,15,2,2,6,2,2,0,4,5,0,0,0,0,0,0,3,11,0
3547,1969,Master,Together,41021.0,1,0,30-12-2012,12,14,7,9,6,16,12,2,2,0,3,6,0,0,0,0,0,0,3,11,1
2456,1975,PhD,Married,40233.0,0,1,14-10-2013,84,80,4,46,0,17,2,5,2,1,5,6,0,0,0,0,0,0,3,11,0
7011,1973,Graduation,Married,33471.0,1,0,12-10-2012,47,43,2,27,0,9,12,3,3,0,4,7,0,0,0,0,0,0,3,11,0
2620,1974,PhD,Married,34596.0,1,0,13-04-2013,48,14,0,2,0,0,7,1,1,0,2,8,0,0,0,0,0,0,3,11,1
6357,1959,2n Cycle,Divorced,59052.0,0,1,17-11-2013,29,230,35,75,63,57,31,3,7,1,7,5,0,0,0,0,0,0,3,11,0
2611,1959,Master,Together,82576.0,0,0,01-08-2012,66,1206,55,445,168,18,18,1,2,4,12,1,0,0,1,0,0,0,3,11,0
3308,1952,Graduation,Married,35704.0,1,1,03-01-2014,54,30,9,12,2,11,30,3,2,0,4,4,0,0,0,0,0,0,3,11,0
2166,1960,2n Cycle,Widow,46779.0,1,1,12-07-2013,55,12,1,3,0,0,7,1,0,1,2,4,0,0,0,0,0,0,3,11,0
6634,1979,Master,Divorced,33462.0,1,0,07-08-2013,78,22,3,18,0,0,11,1,2,0,3,7,0,0,0,0,0,0,3,11,0
3056,1978,Graduation,Divorced,63693.0,0,1,14-10-2013,63,587,43,337,42,87,54,3,11,6,9,6,0,0,0,0,0,0,3,11,0
9850,1972,2n Cycle,Married,24884.0,1,0,29-11-2012,32,3,6,7,0,0,3,1,0,0,3,7,0,0,0,0,0,0,3,11,0
11188,1957,Graduation,Together,26091.0,1,1,25-02-2014,84,15,10,19,8,17,20,3,2,1,3,5,0,0,0,0,0,0,3,11,0
5527,1987,Graduation,Together,22434.0,1,0,13-02-2013,25,4,12,11,3,13,15,2,2,0,3,8,0,0,0,0,0,0,3,11,0
6374,1954,PhD,Married,36930.0,0,1,17-05-2013,50,223,2,31,0,2,39,5,5,2,4,8,0,0,0,0,0,0,3,11,0
7453,1954,Graduation,Single,36130.0,0,1,02-02-2013,46,157,43,127,68,56,37,6,3,8,4,4,1,0,0,0,0,0,3,11,1
241,1952,Graduation,Together,83844.0,0,0,12-05-2013,57,901,31,345,75,31,191,1,4,4,11,1,0,0,1,0,0,0,3,11,0
8975,1968,Graduation,Married,19514.0,1,1,26-01-2014,47,14,3,21,2,1,28,4,3,1,2,8,1,0,0,0,0,0,3,11,0
6119,1963,PhD,Single,36736.0,1,1,10-05-2013,52,10,0,3,0,0,4,1,1,0,2,6,0,0,0,0,0,0,3,11,0
1970,1968,Master,Together,34053.0,0,1,10-09-2012,14,63,0,21,7,0,12,1,3,0,3,8,0,0,0,0,0,0,3,11,0
5313,1971,Master,Married,38196.0,1,1,18-04-2014,20,30,0,11,0,0,3,3,2,0,4,5,0,0,0,0,0,0,3,11,0
3158,1973,Graduation,Married,32300.0,1,0,03-01-2013,1,13,3,6,6,5,6,1,1,0,3,8,0,0,0,0,0,0,3,11,0
5287,1973,Graduation,Married,34961.0,1,0,19-06-2014,77,45,2,26,4,1,1,3,3,1,3,7,0,0,0,0,0,0,3,11,0
2445,1974,PhD,Together,28440.0,1,0,07-07-2013,87,38,1,24,0,0,0,1,2,0,3,8,0,0,0,0,0,0,3,11,0
4240,1978,Graduation,Married,17345.0,1,0,03-11-2012,79,4,9,16,17,0,12,2,2,1,2,8,0,0,0,0,0,0,3,11,0
3706,1978,Graduation,Single,28647.0,1,0,21-08-2013,54,19,8,29,0,12,26,1,2,2,2,7,1,0,0,0,0,0,3,11,1
10175,1958,PhD,Divorced,32173.0,0,1,01-08-2013,0,18,0,2,0,0,2,1,1,0,3,4,0,0,0,0,0,0,3,11,0
5263,1977,2n Cycle,Married,31056.0,1,0,22-01-2013,99,5,10,13,3,8,16,1,1,0,3,8,0,0,0,0,0,0,3,11,0
1020,1973,Graduation,Married,79593.0,0,0,12-05-2014,70,350,60,568,110,133,145,1,5,6,7,2,0,0,1,0,0,0,3,11,0
67,1972,Master,Single,46423.0,1,1,18-09-2013,6,68,0,16,0,0,8,3,2,0,4,7,0,0,0,0,0,0,3,11,0
6730,1954,Graduation,Married,38998.0,1,1,03-11-2012,92,34,1,14,0,0,5,3,2,0,3,8,0,0,0,0,0,1,3,11,0
6287,1986,Graduation,Together,34728.0,1,0,30-07-2013,2,14,0,16,0,0,6,1,1,1,2,6,0,0,0,0,0,0,3,11,1
5985,1965,Master,Single,33168.0,0,1,13-10-2012,0,80,1,37,0,1,3,3,2,1,4,7,0,0,0,0,0,0,3,11,0
4754,1966,Master,Married,33585.0,0,1,25-09-2013,91,30,11,33,13,6,29,1,2,0,4,4,0,0,0,0,0,0,3,11,0
5740,1970,2n Cycle,Divorced,25959.0,1,1,14-02-2013,1,4,2,12,7,5,26,2,1,2,2,6,0,0,0,0,0,0,3,11,1
5731,1983,Master,Married,27100.0,1,0,05-04-2013,64,12,0,13,2,0,10,1,1,0,3,7,0,0,0,0,0,0,3,11,0
2055,1973,PhD,Divorced,35860.0,1,1,19-05-2014,37,15,0,8,4,2,20,2,1,1,2,5,1,0,0,0,0,0,3,11,0
4817,1956,Graduation,Divorced,22304.0,0,0,04-08-2012,91,3,2,7,0,4,2,1,1,0,2,8,0,0,0,0,0,0,3,11,0
10536,1971,PhD,Together,32892.0,1,0,25-05-2014,78,26,0,15,2,1,2,2,3,0,3,8,0,0,0,0,0,0,3,11,0
11112,1966,Graduation,Together,70713.0,0,1,03-12-2012,23,736,114,279,82,76,190,6,5,6,8,3,0,0,0,0,0,0,3,11,0
3807,1955,Graduation,Together,59925.0,0,1,30-11-2012,83,473,21,176,19,21,56,3,9,2,9,6,0,0,0,0,0,0,3,11,0
577,1976,2n Cycle,Together,26907.0,1,1,20-08-2013,10,9,1,7,0,3,2,2,1,0,3,7,0,0,0,0,0,0,3,11,0
3081,1978,PhD,Married,41014.0,1,0,22-04-2013,65,7,2,6,2,0,3,1,1,0,2,7,0,0,0,0,0,0,3,11,0
9523,1982,Graduation,Together,40479.0,1,0,17-08-2013,95,5,0,8,2,0,0,1,0,0,3,4,0,0,0,0,0,0,3,11,0
10914,1970,Graduation,Single,24163.0,1,1,12-10-2013,3,4,1,7,2,1,2,2,1,0,3,4,0,0,0,0,0,0,3,11,0
5577,1983,Graduation,Together,43776.0,1,0,03-05-2014,77,8,0,9,2,1,3,1,1,0,2,6,0,0,0,0,0,0,3,11,0
1833,1974,PhD,Single,39190.0,1,0,26-04-2014,91,68,8,18,19,8,12,2,2,1,4,5,0,0,0,0,0,0,3,11,0
4944,1959,Graduation,Together,71367.0,0,0,23-08-2013,24,227,23,389,42,21,75,1,4,5,7,2,0,0,0,0,0,0,3,11,0
1109,1982,Master,Together,27590.0,1,0,23-04-2013,38,6,0,5,0,0,1,1,1,0,2,7,0,0,0,0,0,0,3,11,0
7409,1970,Graduation,Together,53187.0,1,0,26-10-2013,66,211,2,30,7,7,10,2,4,1,6,5,0,0,0,0,0,0,3,11,0
4444,1972,Graduation,Married,30023.0,1,0,24-03-2014,28,11,0,16,7,6,21,1,2,0,3,8,0,0,0,0,0,0,3,11,0
146,1960,PhD,Single,76045.0,0,0,15-11-2013,78,760,53,400,17,93,0,1,4,5,11,2,0,0,0,1,0,0,3,11,0
10065,1970,2n Cycle,Married,15315.0,0,0,03-08-2013,27,7,4,13,15,8,17,2,2,0,4,5,0,0,0,0,0,0,3,11,0
4741,1974,2n Cycle,Married,65463.0,1,0,30-01-2014,17,391,32,70,21,32,16,2,6,2,9,5,0,1,0,0,0,0,3,11,0
10022,1973,PhD,Single,54466.0,1,1,09-02-2014,78,12,0,4,0,0,0,1,1,0,2,5,0,0,0,0,0,0,3,11,0
11010,1984,PhD,Single,16269.0,1,0,30-08-2013,75,19,3,18,3,1,0,3,3,0,3,8,0,0,0,0,0,0,3,11,0
880,1966,Basic,Together,22634.0,0,0,16-01-2013,47,2,23,11,8,6,46,1,2,1,2,8,0,0,0,0,0,0,3,11,0
850,1968,Graduation,Single,70566.0,0,1,06-10-2013,4,381,28,215,84,28,21,2,6,5,9,3,0,0,0,0,0,0,3,11,0
4713,1979,PhD,Married,31605.0,1,0,22-11-2012,15,74,0,42,2,1,6,2,2,1,4,7,0,0,0,0,0,0,3,11,0
675,1973,Master,Divorced,52034.0,1,1,17-05-2013,67,146,0,93,7,13,73,5,4,2,5,7,0,0,0,0,0,0,3,11,0
5961,1978,Graduation,Married,42693.0,1,0,07-06-2014,29,8,4,20,6,3,16,1,1,0,3,5,0,0,0,0,0,0,3,11,0
7613,1974,2n Cycle,Together,49669.0,1,0,24-05-2014,97,166,5,107,11,8,29,2,5,1,6,6,0,0,0,0,0,0,3,11,0
8015,1962,PhD,Divorced,85696.0,0,0,03-05-2013,88,714,76,395,116,0,12,1,4,6,9,1,0,0,0,0,0,0,3,11,1
10617,1989,Master,Divorced,10979.0,0,0,22-05-2014,34,8,4,10,2,2,4,2,3,0,3,5,0,0,0,0,0,0,3,11,0
523,1989,Graduation,Married,37155.0,1,0,31-01-2013,51,23,0,26,7,15,3,1,2,0,4,5,0,0,0,0,0,0,3,11,0
4066,1978,2n Cycle,Divorced,21282.0,1,0,11-05-2014,76,1,5,8,4,8,20,2,2,1,2,6,0,0,0,0,0,0,3,11,0
8414,1962,PhD,Single,33419.0,0,1,17-08-2013,76,56,0,12,0,0,18,2,2,0,4,7,0,0,0,0,0,0,3,11,0
4961,1974,Master,Together,21255.0,1,0,21-01-2014,56,29,0,25,2,2,3,4,2,1,4,4,0,0,0,0,0,0,3,11,0
10710,1979,Graduation,Married,7500.0,0,1,29-08-2012,61,5,2,3,3,0,5,1,1,0,2,8,0,0,0,0,0,0,3,11,0
640,1951,Graduation,Married,57304.0,0,1,11-03-2013,61,356,80,329,138,17,106,2,7,6,10,5,0,0,0,0,0,0,3,11,0
4252,1965,Graduation,Married,44375.0,0,1,23-03-2014,73,213,5,28,7,7,41,1,4,1,6,5,0,0,0,0,0,0,3,11,0
6116,1968,2n Cycle,Married,48985.0,0,1,05-07-2013,13,19,13,18,10,7,8,1,1,1,3,3,0,0,0,0,0,0,3,11,0
3363,1974,2n Cycle,Married,20130.0,0,0,17-03-2014,99,0,6,3,7,6,12,1,1,0,3,8,0,0,0,0,0,0,3,11,0
8686,1979,Basic,Together,23724.0,1,0,08-01-2013,65,5,23,15,0,18,14,2,2,0,3,8,0,0,0,0,0,0,3,11,0
1604,1960,Master,Married,47353.0,0,1,13-11-2013,93,184,2,19,8,8,4,3,2,2,6,5,0,0,0,0,0,0,3,11,0
5907,1952,Master,Married,33444.0,1,1,03-11-2012,24,8,0,8,0,0,2,1,1,0,2,8,0,0,0,0,0,0,3,11,0
2918,1981,Graduation,Divorced,28510.0,1,1,13-04-2013,72,44,5,19,0,4,19,3,2,0,4,5,0,0,0,0,0,0,3,11,0
359,1950,Graduation,Together,48070.0,0,1,13-01-2013,33,373,14,83,6,9,19,3,8,2,6,7,0,0,0,0,0,1,3,11,0
8387,1957,Graduation,Married,43140.0,0,1,05-01-2013,68,134,8,76,6,0,11,1,4,1,5,6,0,0,0,0,0,0,3,11,0
1829,1961,PhD,Divorced,54959.0,0,1,19-01-2013,55,1148,0,60,0,0,24,3,9,5,4,7,0,1,0,0,0,0,3,11,1
3839,1958,Basic,Single,15056.0,1,1,03-05-2013,76,6,12,3,21,6,40,5,2,2,3,5,0,0,0,0,0,0,3,11,0
9392,1971,Graduation,Single,26954.0,1,0,08-05-2014,17,4,1,11,0,0,1,1,1,0,2,7,0,0,0,0,0,0,3,11,0
2292,1985,Graduation,Single,22327.0,1,0,02-08-2013,94,5,4,8,2,0,5,1,1,0,3,5,0,0,0,0,0,0,3,11,0
10466,1965,Graduation,Married,44393.0,1,1,22-08-2013,86,24,2,20,2,2,10,2,1,0,4,4,0,0,0,0,0,0,3,11,0
4088,1962,PhD,Together,31497.0,0,1,06-12-2012,22,108,1,28,13,1,4,2,3,1,4,8,0,0,0,0,0,0,3,11,0
5231,1974,2n Cycle,Married,45894.0,0,2,27-02-2014,15,27,2,7,0,2,13,1,1,0,3,5,0,0,0,0,0,0,3,11,0
6283,1968,Master,Divorced,63841.0,0,1,21-04-2013,64,635,15,100,20,7,131,1,9,3,9,6,0,0,0,0,0,0,3,11,0
2246,1965,2n Cycle,Married,46891.0,0,1,01-09-2013,91,43,12,23,29,15,61,1,2,1,4,4,0,0,0,0,0,0,3,11,0
837,1977,Graduation,Married,54809.0,1,1,11-09-2013,0,63,6,57,13,13,22,4,2,1,5,4,0,0,0,0,0,0,3,11,0
9500,1959,Graduation,Married,58113.0,0,1,25-01-2013,66,221,104,169,102,78,84,3,9,2,8,7,0,0,0,0,0,1,3,11,0
234,1979,Graduation,Divorced,15287.0,1,0,10-10-2012,60,1,2,8,4,3,13,2,1,1,2,7,1,0,0,0,0,0,3,11,1
1118,1956,Master,Married,50965.0,0,1,20-02-2013,87,544,13,85,8,6,29,3,10,4,5,8,1,0,0,0,0,0,3,11,0
945,1965,Graduation,Together,36317.0,0,1,22-05-2013,53,87,3,25,3,2,13,2,3,0,4,7,0,0,0,0,0,0,3,11,0
1506,1975,Graduation,Single,42160.0,1,1,28-06-2013,26,48,9,45,3,15,20,4,2,1,4,6,0,0,0,0,0,0,3,11,1
9739,1963,Graduation,Single,34377.0,0,1,19-01-2013,55,62,0,22,3,1,26,2,2,2,2,7,0,0,0,0,0,0,3,11,0
1176,1973,Graduation,Married,26228.0,1,0,22-09-2013,50,2,6,4,3,1,9,1,1,0,2,8,0,0,0,0,0,0,3,11,0
1627,1957,2n Cycle,Divorced,77297.0,0,0,26-01-2013,84,408,61,109,48,122,41,1,5,7,9,4,0,0,0,1,0,0,3,11,0
938,1981,Graduation,Married,40211.0,1,1,30-07-2013,30,51,1,7,2,1,25,2,2,1,2,8,1,0,0,0,0,0,3,11,0
833,1955,Master,Married,38452.0,1,1,30-03-2014,62,56,0,14,0,0,2,3,3,0,3,7,0,0,0,0,0,0,3,11,0
7325,1986,PhD,Together,38197.0,1,0,29-06-2013,86,23,0,11,2,1,3,1,1,0,3,5,0,0,0,0,0,0,3,11,0
1307,1978,Graduation,Divorced,41986.0,0,1,09-02-2014,15,27,5,8,8,3,12,3,3,0,4,4,0,0,0,0,0,0,3,11,0
1502,1983,Graduation,Together,28427.0,1,0,21-03-2013,67,18,3,19,3,3,6,2,2,0,3,8,0,0,0,0,0,0,3,11,0
843,1971,Graduation,Married,64722.0,1,0,26-05-2014,47,303,0,280,60,147,15,4,8,2,11,6,0,0,0,0,0,0,3,11,0
6918,1989,Graduation,Married,28691.0,1,0,04-07-2013,56,5,4,13,8,0,4,1,1,0,3,8,0,0,0,0,0,0,3,11,0
286,1952,Graduation,Single,44213.0,1,1,29-11-2013,48,95,11,35,0,4,7,4,2,1,5,6,0,0,0,0,0,0,3,11,0
4138,1962,Graduation,Single,76624.0,0,1,24-05-2014,68,411,106,147,54,115,66,1,5,10,7,1,1,0,0,0,0,0,3,11,0
803,1968,Graduation,Together,40521.0,1,1,05-04-2013,82,12,0,5,0,0,4,1,0,1,2,5,0,0,0,0,0,0,3,11,0
5011,1963,Graduation,Divorced,68118.0,0,1,18-10-2013,51,595,23,123,10,23,154,2,8,9,4,6,0,0,0,0,0,0,3,11,0
6653,1970,PhD,Married,55158.0,1,1,30-07-2012,72,293,0,87,4,11,23,4,7,2,5,7,0,0,0,0,0,0,3,11,1
9094,1955,2n Cycle,Married,62972.0,0,1,03-08-2012,39,313,15,47,20,0,192,2,7,4,3,6,0,0,0,0,0,0,3,11,1
5493,1976,Graduation,Married,39356.0,1,1,19-03-2014,21,15,0,2,0,0,6,1,1,0,2,6,1,0,0,0,0,0,3,11,0
5107,1973,PhD,Divorced,35860.0,1,1,19-05-2014,37,15,0,8,4,2,20,2,1,1,2,5,1,0,0,0,0,0,3,11,0
3979,1983,PhD,Divorced,90687.0,0,0,22-05-2013,98,982,17,672,23,34,51,1,6,2,8,2,0,0,1,0,0,0,3,11,1
1857,1952,Graduation,Single,47139.0,1,1,06-03-2014,2,46,0,12,0,2,23,2,2,1,2,7,0,0,0,0,0,0,3,11,1
11114,1970,Graduation,Together,19656.0,1,0,08-02-2013,94,25,4,9,6,8,32,3,2,1,3,7,0,0,0,0,0,0,3,11,0
9400,1958,2n Cycle,Single,85485.0,0,0,21-06-2014,73,630,26,611,44,18,54,1,6,6,6,2,0,0,0,0,0,0,3,11,0
7488,1963,Master,Single,64191.0,0,1,22-01-2013,30,420,15,186,151,38,15,3,5,3,13,3,0,0,0,0,0,0,3,11,0
7527,1968,Master,Divorced,23748.0,1,0,21-11-2012,97,6,6,29,12,15,8,3,2,1,3,8,0,0,0,0,0,0,3,11,0
10637,1964,Graduation,Married,40800.0,1,2,01-01-2013,77,24,0,27,8,30,10,2,3,0,3,7,0,0,0,0,0,1,3,11,0
907,1975,Graduation,Married,46149.0,0,1,29-11-2013,36,254,6,71,4,0,27,5,5,1,7,5,0,0,0,0,0,0,3,11,0
7384,1951,Master,Together,39767.0,0,0,21-07-2013,18,113,61,204,34,26,47,2,7,1,7,8,0,0,0,0,0,0,3,11,0
5267,1970,Graduation,Divorced,33986.0,1,0,14-03-2013,43,16,2,18,2,1,5,1,1,0,3,7,0,0,0,0,0,0,3,11,0
339,1972,PhD,Married,57091.0,0,1,23-11-2012,82,462,0,24,6,0,4,2,9,2,5,7,0,1,0,0,0,0,3,11,1
2516,1969,2n Cycle,Married,46831.0,1,1,08-06-2013,84,22,2,10,6,4,34,2,1,2,2,4,0,0,0,0,0,0,3,11,0
4808,1956,Graduation,Married,15759.0,0,0,05-09-2013,12,1,2,5,6,0,3,1,1,0,2,7,0,0,0,0,0,0,3,11,0
5068,1971,Graduation,Single,22804.0,1,0,31-07-2013,75,14,1,7,2,1,1,1,2,0,2,9,0,0,0,0,0,0,3,11,0
7628,1973,2n Cycle,Married,43050.0,1,0,18-03-2014,10,30,5,24,6,3,8,2,2,0,4,5,0,0,0,0,0,0,3,11,0
7128,1977,PhD,Single,42997.0,1,1,07-12-2013,91,4,0,5,0,1,5,1,1,0,2,7,0,0,0,0,0,0,3,11,0
2811,1963,PhD,Single,48918.0,1,1,12-04-2014,21,52,0,9,0,0,1,2,1,0,4,4,0,0,0,0,0,0,3,11,0
1663,1978,PhD,Together,34043.0,1,0,25-10-2013,97,20,2,14,3,0,10,1,2,0,2,9,0,0,0,0,0,0,3,11,0
5543,1966,Graduation,Together,57811.0,0,1,24-06-2013,49,545,7,114,37,21,78,5,7,2,11,5,0,1,0,0,0,0,3,11,0
1878,1985,2n Cycle,Married,23148.0,0,0,18-02-2014,83,4,6,8,6,3,10,1,2,0,3,7,0,0,0,0,0,0,3,11,0
8789,1989,2n Cycle,Married,59060.0,1,0,11-01-2014,77,35,40,111,36,40,12,3,3,1,7,4,0,0,0,0,0,0,3,11,0
4937,1973,2n Cycle,Married,46094.0,1,1,10-06-2014,62,12,2,20,3,2,5,1,1,0,3,7,0,0,0,0,0,0,3,11,0
1920,1972,Graduation,Married,40321.0,1,1,29-07-2013,59,44,4,21,6,0,27,2,3,0,3,7,0,0,0,0,0,0,3,11,0
8749,1984,Graduation,Together,37235.0,1,0,01-02-2014,68,20,2,9,4,6,20,1,1,1,2,4,0,0,0,0,0,0,3,11,0
10377,1958,Master,Together,46692.0,0,1,06-06-2013,37,170,6,97,24,12,88,3,6,1,5,6,0,0,0,0,0,0,3,11,0
9206,1968,Graduation,Together,77382.0,0,1,07-01-2014,36,491,48,231,112,105,134,2,5,7,12,1,0,0,1,0,0,0,3,11,0
6398,1974,Basic,Married,18393.0,1,0,29-03-2014,2,7,10,13,16,0,4,2,3,0,3,8,0,0,0,0,0,0,3,11,0
7937,1982,Graduation,Married,24711.0,0,0,18-04-2014,86,10,7,25,6,3,7,1,3,0,3,7,0,0,0,0,0,0,3,11,0
4832,1979,Graduation,Married,27244.0,1,0,07-03-2014,84,6,5,17,3,24,46,2,2,2,2,7,0,0,0,0,0,0,3,11,0
2173,1952,Graduation,Widow,40049.0,0,1,16-10-2013,23,13,6,7,0,3,3,1,1,0,3,6,0,0,0,0,0,0,3,11,0
9386,1962,Graduation,Together,50127.0,0,1,29-05-2014,88,274,0,21,4,6,15,1,5,1,6,6,0,1,0,0,0,0,3,11,0
5181,1982,Basic,Single,24367.0,1,0,20-03-2013,58,2,4,2,0,11,5,1,1,0,2,9,0,0,0,0,0,0,3,11,0
979,1975,Graduation,Single,33249.0,1,0,20-02-2013,11,6,10,21,19,14,42,2,2,1,3,6,0,0,0,0,0,0,3,11,0
10390,1959,2n Cycle,Married,26887.0,0,1,10-02-2013,27,6,7,4,3,4,6,1,1,0,3,6,0,0,0,0,0,0,3,11,0
1745,1962,PhD,Divorced,85696.0,0,0,03-05-2013,88,714,76,395,116,0,12,1,4,6,9,1,0,0,0,0,0,0,3,11,1
8369,1987,Graduation,Together,18227.0,1,0,08-11-2012,21,1,2,7,4,3,11,1,0,1,2,8,0,0,0,0,0,0,3,11,0
3834,1962,Graduation,Single,69627.0,0,1,17-03-2013,35,231,161,215,171,30,53,2,8,2,11,5,0,0,0,0,0,0,3,11,0
7912,1978,Graduation,Married,38136.0,1,0,22-04-2013,69,8,15,27,0,20,33,2,3,1,2,8,1,0,0,0,0,0,3,11,0
7275,1971,Master,Single,33316.0,1,1,04-10-2013,34,79,1,31,4,4,12,3,2,1,4,6,0,0,0,0,0,0,3,11,0
1384,1992,Basic,Married,17256.0,1,0,23-11-2013,10,6,4,14,8,8,22,2,2,1,2,8,1,0,0,0,0,0,3,11,0
3231,1973,Graduation,Married,37971.0,1,0,25-11-2013,97,5,4,10,2,2,7,1,1,0,3,8,0,0,0,0,0,0,3,11,0
1542,1975,Graduation,Single,56243.0,1,2,30-12-2013,26,347,0,35,4,3,7,6,4,2,8,5,0,0,0,0,0,0,3,11,0
8773,1971,Master,Together,57420.0,0,1,25-06-2013,22,280,0,18,0,0,24,3,5,1,6,7,0,1,0,0,0,0,3,11,0
4345,1964,2n Cycle,Single,,1,1,12-01-2014,49,5,1,9,2,0,4,1,1,0,2,7,0,0,0,0,0,0,3,11,0
793,1973,Graduation,Married,20895.0,1,0,06-10-2012,24,18,3,17,3,0,4,1,2,0,3,9,0,0,0,0,0,0,3,11,0
3769,1972,PhD,Together,,1,0,02-03-2014,17,25,1,13,0,0,3,1,1,0,3,7,0,0,0,0,0,0,3,11,0
8702,1976,2n Cycle,Together,26907.0,1,1,20-08-2013,10,9,1,7,0,3,2,2,1,0,3,7,0,0,0,0,0,0,3,11,0
4791,1980,Graduation,Together,44964.0,1,1,16-12-2012,35,19,1,17,2,0,2,1,1,0,3,8,0,0,0,0,0,0,3,11,0
8140,1973,Graduation,Together,22682.0,1,0,03-10-2013,51,10,14,29,4,2,36,3,2,1,4,4,0,0,0,0,0,0,3,11,0
10146,1972,PhD,Together,38887.0,1,0,02-03-2014,17,25,1,13,0,0,3,1,1,0,3,7,0,0,0,0,0,0,3,11,0
5289,1975,2n Cycle,Single,41658.0,1,1,09-11-2012,30,8,4,12,15,4,29,2,1,1,2,4,0,0,0,0,0,0,3,11,0
2587,1972,PhD,Married,29791.0,1,0,15-05-2014,21,14,0,6,0,0,0,2,2,0,3,5,0,0,0,0,0,0,3,11,0
2589,1972,Graduation,Divorced,26759.0,1,0,07-02-2014,65,25,3,16,8,5,2,2,2,1,3,6,0,0,0,0,0,0,3,11,0
3421,1968,Master,Divorced,63841.0,0,1,21-04-2013,64,635,15,100,20,7,131,1,9,3,9,6,0,0,0,0,0,0,3,11,0
9958,1972,Graduation,Married,65685.0,0,1,29-03-2014,54,642,14,49,0,7,57,1,9,2,9,5,0,0,0,0,0,0,3,11,0
2534,1953,Graduation,Married,37716.0,0,1,21-04-2014,4,97,1,41,6,2,41,2,4,1,3,7,0,0,0,0,0,0,3,11,0
8783,1950,Graduation,Married,57045.0,0,1,08-09-2012,40,296,13,104,11,13,17,3,4,2,9,3,0,0,0,0,0,0,3,11,0
361,1969,Master,Married,43142.0,1,1,18-02-2014,84,5,1,7,2,1,4,1,1,0,2,7,0,0,0,0,0,0,3,11,0
524,1966,Basic,Together,22634.0,0,0,16-01-2013,47,2,23,11,8,6,46,1,2,1,2,8,0,0,0,0,0,0,3,11,0
5654,1972,Graduation,Married,36026.0,2,1,16-03-2014,34,20,4,10,6,4,17,2,2,0,3,6,0,0,0,0,0,0,3,11,0
4098,1973,Graduation,Married,24639.0,1,1,28-01-2014,3,20,3,16,0,4,1,3,2,0,4,6,0,0,0,0,0,0,3,11,0
2561,1966,Graduation,Single,63810.0,0,1,11-11-2012,45,977,12,253,16,12,101,4,4,3,12,8,0,1,0,0,0,0,3,11,0
5229,1969,PhD,Together,54132.0,0,1,16-02-2014,81,30,1,8,0,0,3,1,1,0,3,7,0,0,0,0,0,0,3,11,0
4086,1959,Graduation,Married,18690.0,0,0,28-12-2012,77,6,1,7,23,4,19,1,1,1,2,8,0,0,0,0,0,0,3,11,0
2428,1970,Graduation,Married,28164.0,1,0,04-05-2013,23,3,18,26,11,8,12,3,2,0,4,7,0,0,0,0,0,0,3,11,0
8254,1974,PhD,Married,34596.0,1,0,13-04-2013,48,14,0,2,0,0,7,1,1,0,2,8,0,0,0,0,0,0,3,11,0
2836,1972,PhD,Married,43269.0,1,0,16-09-2013,61,10,1,7,0,0,1,1,1,0,2,8,0,0,0,0,0,0,3,11,0
8418,1958,2n Cycle,Single,38741.0,1,1,30-03-2014,60,7,10,17,8,6,13,2,2,0,3,7,0,0,0,0,0,0,3,11,0
7152,1983,Master,Married,27100.0,1,0,05-04-2013,64,12,0,13,2,0,10,1,1,0,3,7,0,0,0,0,0,0,3,11,0
10033,1973,2n Cycle,Divorced,31163.0,1,0,13-02-2014,54,2,3,10,11,2,10,1,1,0,3,6,0,0,0,0,0,0,3,11,0
274,1973,Graduation,Single,34853.0,1,1,23-12-2013,75,9,3,15,2,3,2,2,2,0,3,6,0,0,0,0,0,0,3,11,0
922,1979,2n Cycle,Married,31086.0,1,1,04-05-2013,79,16,2,11,3,0,16,2,1,1,2,8,1,0,0,0,0,0,3,11,0
2518,1986,2n Cycle,Together,20491.0,0,0,25-01-2013,16,5,4,5,4,2,10,1,0,1,2,7,0,0,0,0,0,0,3,11,0
3220,1983,Graduation,Married,39922.0,1,0,14-02-2013,30,29,12,59,19,1,36,2,3,0,4,8,0,0,0,0,0,0,3,11,0
6856,1979,Graduation,Together,21645.0,1,0,03-09-2012,75,14,0,23,4,5,19,3,3,0,3,9,0,0,0,0,0,0,3,11,1
5788,1972,Graduation,Together,46053.0,1,0,17-02-2013,46,56,10,92,19,7,25,3,3,2,4,5,0,0,0,0,0,0,3,11,0
6246,1953,Graduation,Single,73892.0,0,0,13-11-2013,40,703,102,601,0,58,43,1,3,11,8,1,0,0,0,0,0,0,3,11,1
5975,1967,PhD,Single,40304.0,1,0,30-09-2013,82,37,0,17,0,0,3,1,2,0,3,7,0,0,0,0,0,0,3,11,0
2157,1972,Graduation,Together,26290.0,1,1,12-01-2013,49,15,8,16,11,5,22,4,2,0,4,6,0,0,0,0,0,0,3,11,0
2525,1974,PhD,Married,38410.0,0,0,14-09-2012,65,153,64,123,116,64,14,2,5,2,9,6,0,0,0,0,0,0,3,11,1
9483,1959,Graduation,Together,57957.0,0,1,19-08-2013,24,290,59,177,77,5,29,7,4,6,8,3,0,0,0,0,0,1,3,11,0
10403,1978,Graduation,Together,16531.0,1,0,18-06-2014,43,2,13,6,7,5,11,3,3,0,3,7,0,0,0,0,0,0,3,11,0
5074,1986,Master,Married,28072.0,1,0,08-07-2013,10,30,0,10,2,0,5,1,1,0,3,7,0,0,0,0,0,0,3,11,0
7521,1952,Graduation,Together,83844.0,0,0,12-05-2013,57,901,31,345,75,31,191,1,4,4,11,1,0,0,1,0,0,0,3,11,0
4406,1970,Graduation,Together,67419.0,0,1,16-01-2013,29,846,84,352,91,56,42,4,9,4,8,5,0,0,0,0,0,0,3,11,0
9672,1970,2n Cycle,Married,23162.0,1,1,21-12-2013,82,8,3,9,19,4,22,3,1,1,3,6,0,0,0,0,0,0,3,11,0
4706,1966,Graduation,Single,34704.0,0,1,27-04-2013,65,29,0,5,0,1,5,1,1,0,3,5,0,0,0,0,0,0,3,11,0
4070,1969,PhD,Married,94871.0,0,2,01-09-2012,99,169,24,553,188,0,144,1,8,5,4,7,0,1,1,0,0,0,3,11,1
3697,1954,Graduation,Together,39898.0,0,1,12-02-2013,20,69,8,26,12,7,12,2,3,0,4,7,0,0,0,0,0,0,3,11,0
3102,1981,2n Cycle,Together,19414.0,1,0,16-10-2013,32,2,3,12,3,5,7,1,1,0,3,8,0,0,0,0,0,0,3,11,0
5868,1980,Graduation,Married,19107.0,1,0,22-08-2013,49,2,4,9,10,5,16,2,1,0,3,7,0,0,0,0,0,0,3,11,0
8370,1976,2n Cycle,Together,75484.0,0,1,02-08-2012,50,378,97,259,197,194,34,2,7,3,6,4,0,0,0,0,0,0,3,11,0
2939,1970,Master,Together,79419.0,0,0,22-06-2014,96,751,127,687,20,15,31,1,4,6,4,2,0,0,0,0,0,0,3,11,0
7250,1978,Graduation,Together,57867.0,1,0,01-10-2013,48,344,35,178,15,23,17,7,7,2,9,6,0,0,0,0,0,0,3,11,0
2005,1990,Graduation,Married,35765.0,1,0,11-12-2013,86,22,3,30,0,5,15,2,2,0,4,6,0,0,0,0,0,0,3,11,0
10770,1959,Graduation,Married,65492.0,0,0,26-01-2014,73,247,161,295,210,85,47,2,4,7,13,2,0,0,0,0,0,0,3,11,0
6885,1977,Graduation,Divorced,32952.0,1,0,01-12-2013,36,38,0,12,3,1,1,1,2,0,3,7,0,0,0,0,0,0,3,11,0
5751,1973,2n Cycle,Divorced,31163.0,1,0,13-02-2014,54,2,3,10,11,2,10,1,1,0,3,6,0,0,0,0,0,0,3,11,0
10128,1958,Graduation,Together,53977.0,0,1,08-06-2013,21,620,16,165,0,24,82,5,5,5,12,5,0,0,0,0,0,0,3,11,0
3865,1977,2n Cycle,Together,20981.0,0,0,30-04-2013,14,2,12,10,6,13,30,1,3,1,2,8,0,0,0,0,0,0,3,11,1
6310,1978,Graduation,Married,33039.0,1,0,09-09-2013,4,30,8,12,8,8,12,1,2,0,4,5,0,0,0,0,0,0,3,11,0
10380,1972,Master,Married,37787.0,1,0,20-09-2013,50,40,1,40,4,3,18,1,3,0,3,8,0,0,0,0,0,0,3,11,0
4278,1983,PhD,Single,87188.0,0,0,03-06-2013,73,910,111,724,49,74,55,1,10,2,6,3,0,0,0,0,0,0,3,11,1
8643,1971,Graduation,Together,69930.0,0,0,26-05-2013,21,252,98,827,219,70,196,1,4,5,12,3,0,0,0,0,0,0,3,11,0
1998,1976,Graduation,Single,37697.0,1,0,07-02-2014,82,34,6,21,11,4,8,1,2,1,3,6,0,0,0,0,0,0,3,11,0
10795,1973,PhD,Married,37401.0,1,0,06-05-2014,14,19,3,19,3,1,3,2,2,0,3,7,0,0,0,0,0,0,3,11,0
7998,1958,Graduation,Together,28087.0,1,1,11-12-2012,77,53,8,17,13,0,21,3,2,2,2,7,0,0,0,0,0,0,3,11,0
3536,1960,Graduation,Together,19740.0,0,1,24-03-2013,65,7,11,3,10,4,20,2,1,1,3,5,0,0,0,0,0,0,3,11,0
125,1958,2n Cycle,Together,53083.0,1,1,15-05-2013,65,215,7,33,3,0,13,6,5,1,5,7,0,1,0,0,0,0,3,11,0
3745,1988,2n Cycle,Married,23331.0,1,0,04-09-2012,92,5,36,7,0,10,45,2,3,0,3,8,0,0,0,0,0,0,3,11,0
1079,1971,PhD,Married,71969.0,0,1,16-10-2012,59,1000,0,76,0,0,10,3,3,4,9,8,0,1,0,0,0,0,3,11,0
6678,1989,Graduation,Together,31928.0,1,0,28-03-2014,5,33,4,24,4,2,5,2,3,0,4,7,0,0,0,0,0,0,3,11,0
10212,1986,Master,Together,42386.0,1,0,13-01-2013,43,65,4,16,0,4,11,1,3,0,3,8,0,0,0,0,0,0,3,11,0
2217,1975,2n Cycle,Married,37284.0,1,1,29-03-2013,46,11,1,2,2,1,6,1,0,0,3,6,0,0,0,0,0,0,3,11,0
8091,1956,Graduation,Married,63943.0,0,1,02-09-2012,50,423,184,368,13,97,21,1,6,4,6,5,0,0,0,0,0,0,3,11,0
7791,1967,Master,Married,37054.0,1,1,15-09-2013,89,12,1,6,0,1,5,2,1,0,3,7,0,0,0,0,0,0,3,11,0
4037,1976,Graduation,Divorced,31859.0,1,0,14-06-2013,77,3,1,3,8,0,5,1,1,0,2,7,0,0,0,0,0,0,3,11,0
5424,1983,Graduation,Married,39922.0,1,0,14-02-2013,30,29,12,59,19,1,36,2,3,0,4,8,0,0,0,0,0,0,3,11,0
879,1976,Master,Married,49681.0,0,2,04-11-2013,66,411,0,26,0,0,21,6,7,1,7,7,0,0,0,0,0,0,3,11,0
9530,1988,Graduation,Married,24645.0,1,0,01-11-2012,16,5,3,4,4,1,0,1,1,0,2,8,0,0,0,0,0,0,3,11,0
10699,1985,Graduation,Married,44322.0,1,0,16-06-2014,30,46,0,40,3,0,3,2,3,0,3,8,0,0,0,0,0,0,3,11,0
7476,1964,Master,Single,63972.0,0,1,02-12-2012,93,928,63,254,0,12,12,4,5,4,10,4,0,1,0,0,0,0,3,11,0
9916,1954,Graduation,Married,38998.0,1,1,03-11-2012,92,34,1,14,0,0,5,3,2,0,3,8,0,0,0,0,0,1,3,11,0
8135,1986,Master,Married,27161.0,1,0,28-10-2013,41,7,4,23,7,0,11,1,1,0,3,7,0,0,0,0,0,0,3,11,0
2130,1982,Graduation,Together,45203.0,2,0,23-03-2014,4,35,3,67,10,8,24,1,3,1,3,6,0,0,0,0,0,0,3,11,1
5223,1966,Master,Together,45903.0,0,1,23-04-2014,80,33,8,10,2,10,3,2,2,1,3,4,0,0,0,0,0,0,3,11,0
1626,1973,PhD,Divorced,35860.0,1,1,19-05-2014,37,15,0,8,4,2,20,2,1,1,2,5,1,0,0,0,0,0,3,11,1
4971,1962,PhD,Together,31497.0,0,1,06-12-2012,22,108,1,28,13,1,4,2,3,1,4,8,0,0,0,0,0,0,3,11,0
7022,1971,Graduation,Married,76445.0,1,0,28-09-2012,2,739,107,309,140,80,35,1,2,5,13,6,0,0,0,0,0,0,3,11,0
2565,1955,Master,Divorced,70638.0,0,0,01-06-2013,69,1016,12,215,16,12,63,1,4,5,10,3,0,1,0,0,0,0,3,11,0
800,1960,Graduation,Together,44512.0,1,1,30-08-2013,57,23,1,6,0,0,2,2,1,0,3,4,0,0,0,0,0,0,3,11,0
11092,1961,Graduation,Married,27116.0,1,1,02-03-2014,78,12,1,21,2,2,3,2,2,0,3,7,0,0,0,0,0,0,3,11,0
5062,1963,PhD,Married,54072.0,1,1,27-07-2013,71,35,0,4,0,0,0,1,2,0,2,8,0,0,0,0,0,0,3,11,0
4480,1973,Master,Married,60432.0,0,1,09-03-2014,61,365,3,15,4,3,11,5,7,2,5,6,0,0,0,0,0,0,3,11,0
1773,1978,2n Cycle,Married,12393.0,0,0,04-12-2012,38,5,6,15,11,7,13,1,2,0,3,9,0,0,0,0,0,0,3,11,0
6215,1977,Graduation,Married,31353.0,1,1,29-12-2013,24,10,0,10,3,1,7,2,1,1,2,8,0,0,0,0,0,0,3,11,1
5423,1983,Graduation,Together,28359.0,1,0,27-10-2013,35,6,0,5,2,1,2,1,1,0,2,7,0,0,0,0,0,0,3,11,0
9668,1971,Graduation,Married,18793.0,1,0,12-01-2013,14,4,16,20,0,17,20,3,2,0,4,8,0,0,0,0,0,0,3,11,0
9986,1982,Graduation,Together,19444.0,1,0,22-02-2014,8,16,0,23,3,2,10,3,4,1,2,7,0,0,0,0,0,0,3,11,1
3276,1976,2n Cycle,Together,36301.0,1,0,25-10-2013,53,11,12,35,3,5,12,1,3,0,3,7,0,0,0,0,0,0,3,11,0
10207,1978,Graduation,Together,22775.0,1,0,19-06-2013,40,5,1,8,0,0,1,1,1,0,2,8,0,0,0,0,0,0,3,11,0
10785,1969,Graduation,Married,44078.0,1,1,19-06-2014,17,24,1,10,2,0,4,2,2,0,3,5,0,0,0,0,0,0,3,11,0
2814,1976,Master,Together,30560.0,1,0,27-06-2013,6,9,1,5,4,5,7,1,1,0,3,7,0,0,0,0,0,0,3,11,0
6866,1969,Master,Together,35924.0,1,1,23-03-2014,56,8,0,14,2,3,7,1,1,0,3,5,0,0,0,0,0,0,3,11,0
1665,1964,PhD,Divorced,64140.0,0,2,23-09-2013,71,1459,0,61,0,15,215,5,2,5,6,5,1,0,1,0,1,0,3,11,1
3091,1981,2n Cycle,Together,75774.0,1,0,02-05-2014,27,340,21,134,258,14,56,1,7,5,8,4,0,0,0,0,0,0,3,11,0
7005,1981,Graduation,Single,58684.0,0,0,16-06-2014,71,479,35,179,28,7,85,1,5,3,12,2,0,1,0,0,0,0,3,11,0
8079,1982,Graduation,Married,22448.0,1,0,26-02-2014,86,3,1,8,23,2,18,3,2,1,3,3,0,0,0,0,0,0,3,11,0
13,1947,PhD,Widow,25358.0,0,1,22-07-2013,57,19,0,5,0,0,8,2,1,0,3,6,0,0,0,0,0,0,3,11,0
1834,1978,Master,Single,35544.0,1,0,08-03-2014,77,30,5,23,4,1,4,1,2,0,3,7,0,0,0,0,0,0,3,11,0
1404,1968,Graduation,Together,34916.0,2,0,15-05-2013,89,51,23,82,33,0,42,4,5,1,3,9,0,0,0,0,0,0,3,11,0
2639,1966,Graduation,Single,43602.0,1,1,10-01-2014,45,19,5,12,10,3,19,3,3,1,2,6,0,0,0,0,0,0,3,11,0
8299,1989,PhD,Single,33996.0,0,0,11-09-2013,46,40,2,15,8,0,6,1,1,1,3,4,0,0,0,0,0,0,3,11,0
6437,1985,2n Cycle,Single,41473.0,1,0,19-06-2013,80,21,8,20,15,3,9,1,2,0,3,7,0,0,0,0,0,0,3,11,0
5299,1970,PhD,Married,69084.0,1,0,19-11-2013,43,1181,107,199,39,30,30,2,7,3,13,8,0,0,0,0,0,0,3,11,0
1964,1951,Graduation,Together,86610.0,0,0,05-09-2013,66,446,107,768,33,196,53,1,5,6,6,2,0,0,0,0,0,0,3,11,0
3433,1955,2n Cycle,Married,72635.0,0,0,03-06-2013,54,390,22,323,104,35,107,1,6,8,6,3,0,0,0,1,0,0,3,11,0
6347,1979,Basic,Single,15862.0,1,0,27-06-2013,26,1,1,4,11,9,10,1,1,0,3,8,0,0,0,0,0,0,3,11,0
8230,1980,Graduation,Married,33228.0,1,0,23-01-2014,28,22,2,31,7,4,5,1,2,0,3,7,0,0,0,0,0,0,3,11,0
5939,1971,Graduation,Together,38232.0,1,1,17-01-2014,84,43,5,28,7,6,33,4,3,1,3,5,0,0,0,0,0,0,3,11,0
7397,1951,Graduation,Single,49090.0,0,1,19-07-2013,45,494,5,82,7,0,100,3,7,2,9,7,0,0,0,0,0,0,3,11,0
10790,1985,PhD,Married,18169.0,1,0,19-02-2013,40,9,0,5,0,0,7,1,1,0,2,8,0,0,0,0,0,0,3,11,0
10398,1981,2n Cycle,Single,24336.0,1,0,27-08-2012,82,1,6,2,8,2,12,1,1,0,2,7,0,0,0,0,0,0,3,11,0
1890,1971,2n Cycle,Together,42033.0,1,1,19-09-2012,95,11,1,4,2,0,7,1,1,0,2,7,0,0,0,0,0,0,3,11,0
3565,1955,Master,Married,38452.0,1,1,30-03-2014,62,56,0,14,0,0,2,3,3,0,3,7,0,0,0,0,0,0,3,11,0
5294,1989,Graduation,Single,18358.0,1,0,20-11-2013,49,6,8,19,16,4,4,3,3,0,4,7,0,0,0,0,0,0,3,11,0
4055,1992,Basic,Single,18746.0,1,0,29-05-2014,41,2,10,11,12,9,20,2,3,0,3,6,0,0,0,0,0,0,3,11,0
7629,1977,Graduation,Married,22108.0,1,1,08-05-2014,46,5,3,9,6,2,6,2,2,0,3,7,0,0,0,0,0,0,3,11,0
10640,1974,Graduation,Together,44392.0,1,1,05-09-2013,71,87,5,71,7,12,29,5,4,1,4,7,0,0,0,0,0,0,3,11,0
6742,1979,Graduation,Married,17688.0,1,0,13-01-2013,82,2,2,1,3,1,2,1,1,0,2,8,0,0,0,0,0,1,3,11,0
2634,1979,Master,Single,16653.0,1,0,18-04-2014,10,5,7,31,15,4,7,3,2,1,3,6,0,0,0,0,0,0,3,11,1
1744,1965,Basic,Single,23529.0,0,1,07-01-2013,67,9,7,13,3,2,20,1,1,1,2,6,0,0,0,0,0,0,3,11,0
8605,1964,PhD,Together,46910.0,1,1,23-03-2014,36,48,0,14,0,0,6,2,2,0,3,6,0,0,0,0,0,0,3,11,0
10304,1959,Graduation,Married,18690.0,0,0,28-12-2012,77,6,1,7,23,4,19,1,1,1,2,8,0,0,0,0,0,0,3,11,0
4351,1955,Graduation,Divorced,37244.0,1,1,27-04-2013,90,18,2,10,0,0,25,1,1,1,2,7,1,0,0,0,0,0,3,11,0
10129,1966,Graduation,Together,82427.0,0,0,12-03-2014,35,482,147,509,104,107,107,1,3,5,12,1,0,0,1,0,0,0,3,11,0
7500,1967,Graduation,Single,79146.0,1,1,24-04-2014,33,245,16,223,21,43,16,2,8,1,8,6,0,0,0,0,0,0,3,11,0
5796,1963,Graduation,Married,77437.0,0,0,26-11-2013,70,560,21,442,29,44,29,1,4,5,13,1,0,0,1,0,0,0,3,11,0
10556,1959,Graduation,Married,54984.0,0,1,24-05-2014,51,173,13,131,32,3,6,4,6,1,6,7,0,0,0,1,0,0,3,11,0
1064,1971,PhD,Married,42403.0,1,0,11-12-2013,18,22,1,11,0,5,3,1,1,0,3,8,0,0,0,0,0,0,3,11,0
48,1964,Graduation,Together,55761.0,0,1,24-04-2014,97,136,1,12,0,3,32,2,4,1,3,6,0,1,0,0,0,0,3,11,0
9710,1969,PhD,Divorced,58086.0,0,1,20-01-2013,80,708,7,62,0,0,15,2,11,3,7,8,0,0,0,0,0,0,3,11,0
10250,1947,Basic,Together,28389.0,0,0,20-11-2012,49,1,5,3,7,4,8,1,1,0,2,7,0,0,0,0,0,0,3,11,0
3878,1980,2n Cycle,Single,31859.0,1,0,27-02-2014,3,3,4,7,15,8,11,1,1,0,3,7,0,0,0,0,0,0,3,11,0
2154,1971,Graduation,Widow,30372.0,1,1,25-12-2012,33,15,0,12,7,3,7,3,2,0,3,7,0,0,0,0,0,0,3,11,0
5394,1979,Basic,Single,16014.0,1,1,17-03-2013,42,3,9,4,7,8,7,4,1,1,4,3,0,0,0,0,0,0,3,11,0
3798,1968,Graduation,Married,41120.0,1,1,06-11-2013,80,24,2,23,0,8,24,3,2,1,3,6,0,0,0,0,0,0,3,11,0
3524,1971,Master,Single,39763.0,1,0,04-08-2013,9,80,1,60,4,6,16,2,5,1,2,9,0,0,0,0,0,0,3,11,1
5883,1972,Graduation,Married,77981.0,1,0,26-05-2013,78,138,120,204,16,126,60,3,7,4,7,5,0,0,0,0,0,0,3,11,0
8812,1979,2n Cycle,Divorced,13533.0,1,0,10-03-2013,45,12,3,8,8,0,17,2,2,0,3,7,0,0,0,0,0,0,3,11,0
4328,1986,2n Cycle,Married,21955.0,1,0,07-09-2013,81,5,1,7,17,14,11,2,2,1,3,6,0,0,0,0,0,0,3,11,0
8312,1961,Basic,Married,28249.0,0,0,15-06-2014,80,1,9,7,2,14,10,1,2,0,3,6,0,0,0,0,0,0,3,11,0
2694,1967,Graduation,Married,42664.0,0,1,18-03-2014,44,21,0,3,0,0,0,1,1,0,3,6,0,0,0,0,0,0,3,11,0
10477,1973,PhD,Together,39435.0,1,0,06-08-2013,16,71,0,18,0,0,13,1,3,1,2,7,0,0,0,0,0,0,3,11,0
5150,1979,Basic,Single,20194.0,1,0,17-12-2012,64,0,4,7,11,10,15,2,2,0,3,6,0,0,0,0,0,0,3,11,0
5283,1976,PhD,Single,42473.0,1,1,17-02-2014,72,93,1,21,0,4,25,3,2,1,4,5,0,0,0,0,0,0,3,11,0
8008,1983,Graduation,Together,36075.0,1,0,09-12-2013,54,46,0,30,12,1,30,1,2,0,4,6,0,0,0,0,0,0,3,11,0
6173,1979,Graduation,Together,77298.0,0,1,02-11-2013,46,425,115,292,23,35,79,1,6,6,11,3,0,0,0,0,0,0,3,11,0
1419,1950,Graduation,Together,34026.0,1,1,05-08-2013,11,18,6,15,12,8,17,3,2,1,3,5,0,0,0,0,0,0,3,11,0
9150,1963,PhD,Single,48918.0,1,1,12-04-2014,21,52,0,9,0,0,1,2,1,0,4,4,0,0,0,0,0,0,3,11,0
1250,1976,Graduation,Single,37697.0,1,0,07-02-2014,82,34,6,21,11,4,8,1,2,1,3,6,0,0,0,0,0,0,3,11,0
10691,1960,Master,Married,28520.0,1,1,14-06-2013,55,11,0,10,0,2,20,1,1,1,2,6,0,0,0,0,0,0,3,11,0
2952,1977,Master,Single,36273.0,1,0,16-04-2014,80,29,3,30,3,2,9,2,3,0,3,6,0,0,0,0,0,0,3,11,0
762,1981,2n Cycle,Together,75774.0,1,0,02-05-2014,27,340,21,134,258,14,56,1,7,5,8,4,0,0,0,0,0,0,3,11,0
8397,1951,Graduation,Married,44689.0,1,1,10-01-2014,82,18,0,5,0,0,11,2,1,1,2,7,1,0,0,0,0,0,3,11,0
9284,1958,Graduation,Together,53977.0,0,1,08-06-2013,21,620,16,165,0,24,82,5,5,5,12,5,0,0,0,0,0,0,3,11,0
3130,1964,Graduation,Single,18701.0,1,1,04-06-2013,95,12,4,2,10,6,10,4,2,0,4,5,0,0,0,0,0,0,3,11,0
1990,1974,PhD,Single,63159.0,0,0,05-11-2012,74,965,34,586,89,86,37,1,3,5,8,3,1,0,0,0,0,0,3,11,0
5513,1966,Graduation,Together,37758.0,1,1,04-10-2012,49,27,2,10,0,0,1,2,1,0,3,8,0,0,0,0,0,0,3,11,0
10177,1954,Graduation,Divorced,72071.0,0,1,14-02-2013,4,531,69,300,150,138,150,3,5,4,8,2,0,0,0,0,0,0,3,11,0
2549,1983,PhD,Together,21840.0,1,0,21-07-2013,80,17,0,9,0,0,1,1,1,0,3,9,0,0,0,0,0,0,3,11,0
5684,1971,Master,Divorced,44635.0,1,1,11-10-2013,25,56,0,9,0,0,3,2,2,0,3,7,0,0,0,0,0,0,3,11,0
8334,1971,Master,Single,33316.0,1,1,04-10-2013,34,79,1,31,4,4,12,3,2,1,4,6,0,0,0,0,0,0,3,11,0
78,1969,Graduation,Married,25293.0,1,0,15-09-2013,51,15,0,11,0,2,9,1,1,1,2,8,0,0,0,0,0,0,3,11,0
1087,1975,Master,Together,22669.0,1,0,22-05-2013,30,16,14,36,37,22,48,3,4,1,2,9,0,0,0,0,0,0,3,11,1
6859,1987,Graduation,Single,29236.0,1,0,08-10-2013,30,37,4,24,16,9,9,2,4,0,3,9,0,0,0,0,0,0,3,11,0
9860,1959,Graduation,Together,44911.0,0,1,15-03-2013,11,159,0,22,2,1,31,3,4,1,4,7,0,0,0,0,0,0,3,11,0
5866,1974,Graduation,Together,48186.0,1,0,20-03-2014,39,97,3,66,12,7,34,3,4,1,4,7,0,0,0,0,0,0,3,11,0
10521,1977,Graduation,Married,54809.0,1,1,11-09-2013,0,63,6,57,13,13,22,4,2,1,5,4,0,0,0,0,0,0,3,11,1
7393,1978,Graduation,Together,41580.0,1,1,10-12-2012,15,56,5,24,4,0,3,3,2,1,3,5,0,0,0,0,0,0,3,11,0
9847,1955,2n Cycle,Married,62972.0,0,1,03-08-2012,39,313,15,47,20,0,192,2,7,4,3,6,0,0,0,0,0,0,3,11,0
9576,1982,PhD,Together,32313.0,1,0,11-02-2013,60,86,4,56,2,4,7,3,4,0,4,9,0,0,0,0,0,0,3,11,0
7419,1968,Master,Divorced,27071.0,1,0,23-04-2014,90,8,3,19,0,2,3,2,2,0,3,6,0,0,0,0,0,0,3,11,0
5010,1988,Graduation,Single,25008.0,1,0,02-02-2014,72,2,8,8,6,1,9,2,1,0,3,8,0,0,0,0,0,0,3,11,0
11148,1975,Graduation,Together,22280.0,1,0,19-05-2013,85,2,1,4,3,1,2,1,1,0,2,8,0,0,0,0,0,0,3,11,0
1168,1978,PhD,Married,72159.0,0,0,29-10-2012,62,322,53,899,34,40,53,1,4,6,10,2,0,0,0,0,0,0,3,11,0
5316,1976,Master,Together,21024.0,0,0,04-07-2013,89,36,4,18,6,2,18,1,2,0,4,7,0,0,0,0,0,0,3,11,0
9029,1972,PhD,Married,70116.0,0,0,26-01-2013,73,707,44,603,95,58,29,1,2,8,12,1,0,0,0,0,0,0,3,11,0
1459,1966,PhD,Married,69063.0,0,1,07-11-2012,16,666,35,124,69,8,26,1,5,3,5,3,0,0,0,0,0,0,3,11,0
10241,1975,2n Cycle,Divorced,11448.0,0,0,15-12-2013,16,0,0,0,6,2,6,1,1,0,2,6,0,0,0,0,0,0,3,11,0
4227,1968,Master,Together,32889.0,1,1,06-09-2013,78,28,0,13,4,2,8,3,2,1,3,5,0,0,0,0,0,0,3,11,0
9467,1984,Graduation,Single,34738.0,1,0,11-05-2014,51,3,2,10,3,0,2,1,1,0,3,6,0,0,0,0,0,0,3,11,0
3286,1967,PhD,Divorced,26642.0,1,0,01-03-2014,71,13,2,15,2,2,8,2,2,0,3,6,0,0,0,0,0,0,3,11,0
3722,1972,Graduation,Single,44503.0,1,1,16-04-2014,83,31,1,8,0,0,8,2,2,0,3,6,0,0,0,0,0,0,3,11,0
8341,1969,PhD,Married,30396.0,1,0,30-04-2014,22,15,0,6,0,1,12,2,1,1,2,7,1,0,0,0,0,0,3,11,1
6461,1969,Master,Single,62772.0,0,1,19-05-2013,74,581,49,157,43,8,108,1,5,6,11,2,0,1,0,0,0,0,3,11,0
7505,1957,PhD,Married,44155.0,1,1,19-01-2014,24,22,1,9,0,0,14,1,1,1,2,4,0,0,0,0,0,0,3,11,0
5113,1971,PhD,Divorced,86979.0,0,0,07-11-2013,67,584,100,835,65,83,35,1,5,5,5,2,1,0,0,0,0,0,3,11,1
10858,1975,Graduation,Together,76532.0,1,1,09-09-2013,38,355,30,177,90,138,30,4,9,5,7,5,0,0,0,0,0,0,3,11,0
5790,1985,Graduation,Married,31158.0,1,0,27-01-2013,62,25,6,16,20,0,5,2,2,0,3,8,0,0,0,0,0,0,3,11,0
2337,1971,Graduation,Divorced,29819.0,1,0,24-10-2013,77,9,1,24,2,1,2,3,3,0,3,6,0,0,0,0,0,0,3,11,0
10680,1986,Graduation,Together,33235.0,1,0,05-02-2014,71,45,0,16,2,1,6,1,3,0,3,7,0,0,0,0,0,0,3,11,0
3265,1959,Graduation,Married,35701.0,0,0,19-03-2013,36,21,1,9,7,3,5,1,1,0,3,6,0,0,0,0,0,0,3,11,0
5623,1980,Master,Married,31535.0,1,0,26-09-2013,95,15,4,13,0,0,19,1,1,1,2,7,1,0,0,0,0,0,3,11,0
4385,1981,PhD,Single,36038.0,1,0,31-05-2013,82,23,0,15,0,2,7,2,3,0,3,6,0,0,0,0,0,0,3,11,0
10686,1965,PhD,Together,34230.0,1,1,26-12-2012,72,15,0,4,0,0,2,1,1,0,2,7,0,0,0,0,0,0,3,11,0
3112,1977,Master,Married,22701.0,1,0,05-09-2013,2,2,4,9,0,4,5,1,1,0,3,5,0,0,0,0,0,0,3,11,0
10872,1969,PhD,Married,55212.0,0,1,23-11-2012,65,1103,0,45,0,0,34,3,4,2,11,8,0,1,0,0,1,0,3,11,0
5734,1974,PhD,Married,61917.0,1,1,20-11-2013,83,46,4,36,2,2,1,1,2,0,4,5,0,0,0,0,0,0,3,11,0
1458,1982,Master,Married,21059.0,1,0,07-01-2014,40,8,3,19,3,3,8,3,3,0,3,6,0,0,0,0,0,0,3,11,0
7007,1968,Master,Married,29543.0,2,0,01-04-2014,47,17,3,18,3,4,18,2,3,1,2,7,0,0,0,0,0,0,3,11,0
1403,1975,2n Cycle,Together,34984.0,1,1,06-09-2012,40,8,4,15,3,5,3,2,1,0,3,7,0,0,0,0,0,0,3,11,0
9291,1959,Master,Married,34242.0,0,1,23-03-2014,25,8,2,4,0,0,1,1,0,0,3,5,0,0,0,0,0,0,3,11,0
2478,1973,Graduation,Married,25410.0,1,0,31-08-2013,48,2,2,4,13,13,4,1,1,0,4,4,0,0,0,0,0,0,3,11,0
5138,1950,Graduation,Together,28320.0,0,1,14-01-2013,68,19,1,14,3,2,4,1,1,0,3,8,0,0,0,0,0,0,3,11,0
5393,1977,Graduation,Single,23763.0,1,0,07-08-2012,64,22,0,6,6,2,6,1,1,0,3,7,0,0,0,0,0,0,3,11,0
9955,1954,Graduation,Together,39898.0,0,1,12-02-2013,20,69,8,26,12,7,12,2,3,0,4,7,0,0,0,0,0,0,3,11,0
3434,1951,Graduation,Single,80872.0,0,0,12-05-2014,60,483,72,567,94,12,108,1,4,4,10,1,0,0,0,0,0,0,3,11,0
8514,1976,Graduation,Together,29478.0,1,0,17-01-2014,59,8,0,7,3,1,1,1,1,0,3,6,0,0,0,0,0,0,3,11,0
6355,1978,Graduation,Married,44359.0,1,1,17-06-2014,19,20,0,14,7,3,1,3,2,0,4,3,0,0,0,0,0,0,3,11,0
1158,1966,Graduation,Divorced,48877.0,0,1,05-01-2014,27,102,1,15,2,0,24,1,3,0,4,7,0,0,0,0,0,0,3,11,0
7165,1972,Graduation,Together,64474.0,0,1,22-10-2013,59,381,35,172,56,86,93,2,8,2,10,5,0,0,0,0,0,0,3,11,0
8537,1949,Graduation,Widow,72643.0,0,0,27-02-2013,60,526,80,553,123,94,53,1,3,10,7,2,0,0,0,1,0,0,3,11,1
4338,1983,Graduation,Single,39062.0,1,0,25-03-2014,28,23,0,9,0,0,12,1,1,0,3,4,1,0,0,0,0,0,3,11,0
8360,1971,2n Cycle,Married,54690.0,1,1,07-11-2013,76,111,16,37,7,9,18,3,3,1,5,3,0,0,0,0,0,0,3,11,0
9289,1979,Graduation,Married,36781.0,1,0,10-04-2014,16,29,1,17,0,3,13,1,2,1,2,8,0,0,0,0,0,0,3,11,1
10913,1984,Master,Single,31385.0,1,0,05-12-2012,56,3,2,12,0,1,9,1,1,0,2,8,1,0,0,0,0,0,3,11,1
8619,1957,Graduation,Together,21994.0,0,1,24-12-2012,4,9,0,6,3,1,3,1,0,0,3,5,0,0,0,0,0,0,3,11,0
898,1986,Graduation,Married,23477.0,1,0,21-10-2013,39,38,15,54,3,8,29,3,3,0,4,8,0,0,0,0,0,0,3,11,0
8212,1971,Master,Married,39791.0,0,1,28-03-2013,89,85,15,27,13,13,21,2,3,1,4,7,0,0,0,0,0,0,3,11,0
10164,1958,Graduation,Single,94472.0,0,1,03-04-2014,75,1017,33,417,108,100,16,1,5,5,5,5,0,1,1,0,0,0,3,11,0
10841,1975,PhD,Together,56559.0,0,1,25-12-2012,46,226,22,133,41,31,31,3,4,3,8,4,0,0,0,0,0,0,3,11,0
4860,1970,Graduation,Single,24206.0,1,0,08-03-2013,66,7,2,8,3,2,3,1,1,0,3,6,0,0,0,0,0,0,3,11,0
10757,1967,PhD,Divorced,28420.0,1,0,24-12-2013,36,4,2,5,2,0,0,1,1,0,2,6,0,0,0,0,0,0,3,11,0
9923,1972,Master,Single,46423.0,1,1,18-09-2013,6,68,0,16,0,0,8,3,2,0,4,7,0,0,0,0,0,0,3,11,0
7181,1977,Graduation,Married,30368.0,0,1,07-11-2013,97,35,0,13,2,0,2,2,2,0,3,8,0,0,0,0,0,0,3,11,0
4102,1975,2n Cycle,Married,37284.0,1,1,29-03-2013,46,11,1,2,2,1,6,1,0,0,3,6,0,0,0,0,0,0,3,11,0
7042,1983,Graduation,Married,36790.0,0,0,01-03-2013,14,3,3,14,15,21,10,1,2,1,2,9,0,0,0,0,0,0,3,11,1
10598,1967,Graduation,Together,27943.0,1,1,15-04-2013,89,12,1,16,4,1,3,3,2,0,3,8,0,0,0,0,0,0,3,11,0
255,1951,Graduation,Divorced,22263.0,1,1,30-03-2014,31,17,0,2,0,0,2,2,1,0,3,6,0,0,0,0,0,1,3,11,0
9829,1978,Graduation,Together,28587.0,1,0,12-02-2014,42,22,4,17,12,10,13,3,2,0,4,6,0,0,0,0,0,0,3,11,0
6214,1982,Master,Married,43815.0,1,0,05-04-2013,53,14,10,29,4,7,15,1,2,0,3,6,0,0,0,0,0,0,3,11,0
9423,1979,Master,Married,32765.0,1,0,23-02-2014,49,13,3,17,7,3,3,2,2,0,4,5,0,0,0,0,0,0,3,11,0
4198,1965,Graduation,Together,29672.0,1,1,12-03-2013,6,9,1,3,0,4,8,1,0,0,3,6,0,0,0,0,0,0,3,11,0
153,1953,Graduation,Divorced,23272.0,0,0,17-10-2013,29,19,3,6,4,2,12,1,1,0,3,4,0,0,0,0,0,0,3,11,0
3799,1955,Graduation,Married,67225.0,0,1,26-11-2013,4,315,35,322,46,7,143,3,7,2,11,5,0,0,0,0,0,0,3,11,0
8625,1976,Graduation,Married,17649.0,1,0,12-11-2013,70,15,1,23,0,5,1,3,3,0,3,8,0,0,0,0,0,0,3,11,0
5872,1951,Graduation,Single,60689.0,0,1,01-06-2013,23,240,90,216,63,6,24,4,4,4,10,3,0,0,0,0,0,0,3,11,0
6568,1984,Graduation,Married,38680.0,1,0,28-03-2013,97,11,0,36,15,5,12,1,2,0,3,7,0,0,0,0,0,0,3,11,0
8416,1981,Graduation,Married,29009.0,1,0,29-11-2013,19,6,6,15,10,5,2,2,2,0,3,6,0,0,0,0,0,0,3,11,0
5454,1979,Master,Married,45057.0,1,0,01-12-2013,80,37,0,7,3,0,3,1,2,0,3,5,0,0,0,0,0,0,3,11,0
5474,1970,Graduation,Single,43020.0,1,0,30-11-2013,79,45,7,99,4,25,43,3,4,1,4,6,0,0,0,0,0,0,3,11,0
626,1951,Graduation,Married,32871.0,1,1,09-03-2013,28,22,2,12,0,2,5,1,1,0,3,4,0,0,0,0,0,0,3,11,0
10509,1955,Master,Single,36927.0,1,1,02-06-2014,46,51,0,16,0,0,4,2,3,0,3,8,0,0,0,0,0,0,3,11,0
6673,1965,Graduation,Single,23478.0,0,0,19-03-2013,51,28,6,27,12,17,39,1,3,0,3,8,0,0,0,0,0,0,3,11,0
10061,1950,Graduation,Married,59462.0,0,1,05-01-2013,29,724,17,143,0,8,196,2,9,2,12,7,0,0,0,0,0,0,3,11,0
8775,1969,Graduation,Together,38361.0,1,0,27-12-2013,74,39,0,56,20,8,14,3,3,1,3,7,0,0,0,0,0,0,3,11,0
1612,1981,PhD,Single,,1,0,31-05-2013,82,23,0,15,0,2,7,2,3,0,3,6,0,0,0,0,0,0,3,11,0
322,1978,Graduation,Together,42554.0,1,1,12-01-2013,93,29,1,11,0,0,0,2,2,0,3,4,0,0,0,0,0,0,3,11,0
10500,1984,Graduation,Married,31761.0,1,0,05-04-2014,96,19,1,20,16,14,28,2,3,0,4,5,0,0,0,0,0,0,3,11,0
1655,1979,Graduation,Together,34350.0,1,0,19-10-2013,81,16,3,15,2,1,11,1,1,0,3,7,0,0,0,0,0,0,3,11,0
5517,1969,Graduation,Married,25293.0,1,0,15-09-2013,51,15,0,11,0,2,9,1,1,1,2,8,0,0,0,0,0,0,3,11,0
6958,1977,Master,Married,27889.0,1,0,05-07-2013,42,14,0,4,0,0,8,1,1,1,2,6,0,0,0,0,0,0,3,11,0
954,1960,Basic,Widow,22123.0,0,0,27-03-2014,77,3,3,24,34,7,31,1,2,1,3,5,0,0,0,0,0,0,3,11,0
5079,1971,Graduation,Married,,1,1,03-03-2013,82,71,1,16,0,0,9,4,2,1,3,8,0,0,0,0,0,0,3,11,0
10339,1954,Master,Together,,0,1,23-06-2013,83,161,0,22,0,0,24,2,4,1,4,6,0,0,0,0,0,0,3,11,0
4643,1973,Graduation,Married,27803.0,1,0,26-08-2012,40,8,26,46,38,9,49,2,3,0,4,8,0,0,0,0,0,0,3,11,0
1052,1969,Graduation,Married,56796.0,0,1,16-02-2013,24,656,38,161,62,47,37,3,8,9,7,7,0,0,0,0,0,0,3,11,0
6507,1980,Graduation,Single,30828.0,1,0,04-10-2013,16,16,11,15,2,0,12,2,1,1,4,3,0,0,0,0,0,0,3,11,0
7901,1971,Master,Married,34109.0,0,1,06-11-2013,39,9,1,5,2,1,4,1,0,0,3,4,0,0,0,0,0,0,3,11,0
2686,1969,Basic,Together,22390.0,0,0,21-10-2013,49,0,1,4,15,1,5,1,1,0,2,7,0,0,0,0,0,0,3,11,0
975,1956,Graduation,Single,54252.0,1,1,28-05-2013,25,178,4,26,8,4,44,5,4,1,5,6,0,0,0,0,0,0,3,11,0
1055,1976,Master,Married,53204.0,1,1,20-03-2014,40,29,0,8,2,0,6,1,1,0,3,4,0,0,0,0,0,0,3,11,0
5802,1972,Basic,Married,14188.0,0,0,28-02-2013,40,2,7,11,16,12,27,1,2,0,4,6,0,0,0,0,0,0,3,11,0
3969,1974,Master,Together,43018.0,0,1,01-11-2013,46,35,4,17,7,6,64,1,2,2,2,5,0,0,0,0,0,0,3,11,0
87,1981,2n Cycle,Married,27733.0,1,0,26-08-2013,16,0,7,5,26,2,17,2,2,0,3,7,0,0,0,0,0,0,3,11,0
6147,1971,Graduation,Divorced,25818.0,1,0,18-10-2012,51,5,2,8,2,2,9,1,0,1,2,7,0,0,0,0,0,0,3,11,0
8832,1976,Master,Together,37509.0,1,0,12-09-2012,24,37,5,56,12,8,5,2,3,0,4,7,0,0,0,0,0,0,3,11,0
2115,1957,Graduation,Together,50116.0,1,1,20-06-2014,68,54,0,10,0,0,2,2,1,0,4,5,0,1,0,0,0,0,3,11,0
3006,1976,Graduation,Divorced,30992.0,1,0,22-04-2013,83,17,0,14,7,3,2,1,1,0,3,7,0,0,0,0,0,0,3,11,0
3919,1976,Master,Single,72309.0,0,0,11-03-2013,64,960,0,883,50,38,0,1,5,6,8,3,0,0,0,1,0,0,3,11,1
4973,1970,Graduation,Single,20587.0,1,0,11-05-2014,39,2,3,6,4,1,9,1,1,1,2,7,0,0,0,0,0,0,3,11,0
10432,1974,Graduation,Divorced,19346.0,1,0,30-01-2014,26,2,0,9,3,6,2,1,1,0,3,8,0,0,0,0,0,0,3,11,0
9216,1971,Graduation,Married,35788.0,1,1,23-01-2014,34,23,2,11,3,1,4,2,2,0,3,6,0,0,0,0,0,0,3,11,0
7124,1968,Graduation,Divorced,36997.0,1,1,01-02-2013,72,43,4,12,8,0,27,5,2,1,4,5,0,0,0,0,0,0,3,11,0
9727,1957,Graduation,Married,23539.0,0,0,28-02-2014,13,4,24,11,16,1,25,1,2,0,4,6,0,0,0,0,0,0,3,11,0
5136,1973,Graduation,Single,65333.0,0,1,17-01-2014,58,654,7,92,0,15,30,7,9,4,8,6,0,1,1,0,0,0,3,11,0
1818,1971,PhD,Together,29732.0,1,0,25-03-2014,23,25,0,8,0,1,4,1,2,0,2,9,0,0,0,0,0,0,3,11,0
10609,1962,PhD,Married,42769.0,0,1,12-10-2013,15,71,0,13,3,1,0,2,1,1,4,4,0,0,0,0,0,0,3,11,0
6950,1958,Master,Married,49572.0,1,1,15-12-2013,25,35,1,16,0,1,1,2,2,0,3,7,0,0,0,0,0,0,3,11,0
9481,1976,Graduation,Married,17148.0,1,0,28-01-2014,80,9,9,11,13,10,16,4,3,1,3,8,0,0,0,0,0,0,3,11,0
2711,1976,Master,Together,30560.0,1,0,27-06-2013,6,9,1,5,4,5,7,1,1,0,3,7,0,0,0,0,0,0,3,11,0
8933,1983,2n Cycle,Married,32146.0,1,0,12-05-2014,16,26,3,23,4,7,3,2,2,0,4,6,0,0,0,0,0,0,3,11,0
8726,1964,2n Cycle,Divorced,41713.0,1,1,29-04-2014,57,77,8,44,10,10,25,5,3,1,4,6,0,0,0,0,0,0,3,11,0
10157,1965,Graduation,Single,59686.0,0,1,25-01-2014,78,89,15,89,34,42,5,1,4,1,6,4,0,0,0,0,0,0,3,11,0
7313,1949,2n Cycle,Widow,74859.0,0,0,03-06-2013,63,570,73,614,133,102,73,1,6,5,11,3,0,0,0,1,0,0,3,11,0
9706,1974,PhD,Single,31560.0,1,0,24-06-2013,98,62,1,20,4,0,7,2,2,1,3,8,0,0,0,0,0,0,3,11,0
2429,1954,Graduation,Divorced,72071.0,0,1,14-02-2013,4,531,69,300,150,138,150,3,5,4,8,2,0,0,0,0,0,0,3,11,0
4548,1981,Graduation,Single,41967.0,1,1,23-11-2013,66,23,4,10,0,2,15,1,1,0,3,4,0,0,0,0,0,0,3,11,0
9362,1965,Graduation,Single,69263.0,0,1,05-03-2014,14,492,5,32,13,5,21,1,9,1,7,6,0,1,0,0,0,0,3,11,0
4084,1975,Graduation,Together,60934.0,0,1,17-01-2014,41,224,155,155,192,93,54,2,6,4,11,4,0,0,0,0,0,0,3,11,0
6721,1951,Graduation,Married,71965.0,0,1,29-07-2013,21,572,19,286,50,38,248,3,6,3,5,3,0,0,0,0,0,0,3,11,0
2829,1955,Graduation,Married,65210.0,0,1,10-03-2014,25,626,0,70,0,7,28,2,9,3,8,6,0,1,0,1,0,0,3,11,0
1544,1967,Master,Divorced,81380.0,0,0,22-12-2012,51,741,68,689,224,68,103,1,4,2,10,2,0,0,0,0,0,0,3,11,0
4541,1955,Graduation,Together,38946.0,0,1,24-10-2013,84,116,6,82,6,6,41,2,3,1,6,5,0,0,0,0,0,0,3,11,0
1321,1974,Graduation,Married,26067.0,1,0,04-11-2013,49,22,2,18,0,2,12,3,3,0,3,8,0,0,0,0,0,0,3,11,0
8858,1972,PhD,Married,44325.0,0,1,07-03-2013,69,516,0,21,0,0,5,4,8,2,7,8,0,1,0,0,0,0,3,11,0
11187,1978,Basic,Single,26487.0,1,0,20-05-2013,23,2,8,10,12,14,23,3,2,1,3,5,0,0,0,0,0,0,3,11,0
1646,1972,Basic,Married,25224.0,1,0,16-03-2014,36,4,9,12,11,2,8,2,1,1,3,3,0,0,0,0,0,0,3,11,0
2656,1971,Graduation,Divorced,40851.0,1,1,21-02-2013,63,23,1,7,0,4,24,1,1,1,2,7,0,0,0,0,0,0,3,11,0
7990,1947,Graduation,Married,27469.0,0,0,02-08-2012,2,9,1,2,3,2,0,1,0,0,3,6,0,0,0,0,0,0,3,11,0
1839,1974,Graduation,Single,43322.0,0,0,21-04-2014,25,56,7,48,10,2,18,1,3,0,4,7,0,0,0,0,0,0,3,11,0
9014,1975,Graduation,Married,37085.0,1,1,26-06-2014,65,39,1,16,2,0,3,4,3,0,3,8,0,0,0,0,0,0,3,11,0
7620,1990,Basic,Single,16185.0,1,0,05-08-2013,71,5,11,16,21,8,45,2,2,2,2,8,0,0,0,0,0,0,3,11,0
4333,1954,Graduation,Together,32144.0,1,1,23-03-2014,76,41,0,10,0,0,3,4,2,1,3,7,0,1,0,0,0,0,3,11,0
3850,1963,Basic,Together,14918.0,0,1,07-12-2012,52,3,3,3,15,4,15,1,1,0,3,6,0,0,0,0,0,0,3,11,0
6168,1963,Graduation,Divorced,45146.0,1,1,15-07-2013,28,33,0,5,0,0,15,2,1,1,2,4,0,0,0,0,0,0,3,11,0
692,1954,Graduation,Together,36807.0,1,1,20-12-2012,88,4,2,5,0,0,5,1,1,0,2,6,0,0,0,0,0,0,3,11,0
736,1983,Graduation,Together,28427.0,1,0,21-03-2013,67,18,3,19,3,3,6,2,2,0,3,8,0,0,0,0,0,0,3,11,0
4838,1978,Graduation,Together,22775.0,1,0,19-06-2013,40,5,1,8,0,0,1,1,1,0,2,8,0,0,0,0,0,0,3,11,0
10659,1979,2n Cycle,Together,7500.0,1,0,07-05-2013,7,2,8,11,3,8,21,4,3,2,2,7,0,0,0,0,0,0,3,11,0
4201,1962,Graduation,Single,57967.0,0,1,03-03-2013,39,229,7,137,4,0,91,5,4,2,8,5,0,0,0,0,0,0,3,11,0
10084,1972,Graduation,Married,24434.0,2,0,18-05-2014,9,3,2,8,20,0,17,2,2,1,2,7,0,0,0,0,0,0,3,11,0
7004,1984,Graduation,Single,11012.0,1,0,16-03-2013,82,24,3,26,7,1,23,3,3,1,2,9,1,0,0,0,0,0,3,11,0
9817,1970,Master,Single,44802.0,0,0,21-08-2012,71,853,10,143,13,10,20,2,9,4,12,8,0,0,0,0,0,0,3,11,0
9432,1977,Graduation,Together,666666.0,1,0,02-06-2013,23,9,14,18,8,1,12,4,3,1,3,6,0,0,0,0,0,0,3,11,0
8372,1974,Graduation,Married,34421.0,1,0,01-07-2013,81,3,3,7,6,2,9,1,1,0,2,7,0,0,0,0,0,0,3,11,0
10870,1967,Graduation,Married,61223.0,0,1,13-06-2013,46,709,43,182,42,118,247,2,9,3,4,5,0,0,0,0,0,0,3,11,0
